url,name,price,formatted_price,currency,address,locality,region,postal_code,country,latitude,longitude,description,baths,beds,sqft,property_details,images,listed_by,uniq_id,scraped_at
https://www.redfin.com/NY/Flushing/147-35-38th-Ave-11354/unit-B37/home/176569595,147-35 38th Ave Unit B37,415000,"$415,000",USD,147-35 38th Ave Unit B37,Flushing,NY,11354,US,40.7640689,-73.8174811,"Large and Sunny Two Bedroom Coop Apartment in Hunter Gardens. This 3rd Floor unit is in the heart of Flushing with Lush Garden Views. Hardwood Flooring. NEW elevator in building. Spacious layout with Multiple closet space. Well Maintained. Laundry facility onsite. Close to LIRR, Bus, Trains, Supermarkets, Restaurants and Shops. Sublease allowed after 2 years of ownership. SHOWINGS BY APPOINTMENT ONLY. ",1,2,-,"[{'Status': 'Active'}, {'Time on Redfin': '201 days'}, {'Property Type': 'Co-op'}, {'HOA Dues': '$942/month'}, {'Year Built': '1950'}, {'Style': 'Garden Apartment'}, {'Community': 'Hunter Gardens'}, {'MLS#': '3349060'}, {'List Price': '$415,000'}, {'Est. Mo. Payment': '$2,818'}, {'Redfin Estimate': '$398,482'}]",https://ssl.cdn-redfin.com/photo/269/mbpaddedwide/060/genMid.3349060_0.jpg | https://ssl.cdn-redfin.com/photo/269/mbpaddedwide/060/genMid.3349060_1_0.jpg | https://ssl.cdn-redfin.com/photo/269/mbpaddedwide/060/genMid.3349060_2_0.jpg | https://ssl.cdn-redfin.com/photo/269/mbpaddedwide/060/genMid.3349060_3_0.jpg | https://ssl.cdn-redfin.com/photo/269/mbpaddedwide/060/genMid.3349060_4_0.jpg | https://ssl.cdn-redfin.com/photo/269/mbpaddedwide/060/genMid.3349060_5_0.jpg | https://ssl.cdn-redfin.com/photo/269/mbpaddedwide/060/genMid.3349060_6_0.jpg | https://ssl.cdn-redfin.com/photo/269/mbpaddedwide/060/genMid.3349060_7_0.jpg | https://ssl.cdn-redfin.com/photo/269/mbpaddedwide/060/genMid.3349060_8_0.jpg | https://ssl.cdn-redfin.com/photo/269/mbpaddedwide/060/genMid.3349060_9_0.jpg | https://ssl.cdn-redfin.com/photo/269/mbpaddedwide/060/genMid.3349060_10_0.jpg,Listing by Nadine Persaud  • All Area Brokerage Inc,e10a3655-1719-57e7-8d9d-984c82584c73,17/04/2022 21:21:34
https://www.redfin.com/OR/Redmond/3439-NW-9th-St-97756/home/177612091,3439 NW 9th St,466995,"$466,995",USD,3439 NW 9th St,Redmond,OR,97756,US,44.2922022,-121.1787607,"At 1979 square feet, the Orchard Encore on lot# 28 is an efficiently-designed, mid-sized single level home offering both space and comfort. The open kitchen is a chef's dream, with counter space galore, plenty of cupboard storage and a breakfast bar. The expansive living room and adjoining dining area complete this eating and entertainment space. The spacious and private main suite boasts a dual vanity bathroom, separate shower and an enormous closet. The sizable secondary bedrooms share a second full bathroom. This home also includes a den. ",2,4,"1,979","[{'Status': 'Pending'}, {'Time on Redfin': '127 days'}, {'Property Type': 'A, Single Family Residence'}, {'HOA Dues': '$64/month'}, {'Year Built': '2021'}, {'Style': 'Craftsman, Ranch'}, {'Community': 'Cinder Butte Village'}, {'Lot Size': '6,106 Sq. Ft.'}, {'MLS#': '220136574'}, {'Est. Mo. Payment': '$2,619'}, {'Redfin Estimate': '$468,046'}, {'Price/Sq.Ft.': '$236'}]",https://ssl.cdn-redfin.com/photo/199/mbpaddedwide/574/genMid.220136574_0.jpg | https://ssl.cdn-redfin.com/photo/199/mbpaddedwide/574/genMid.220136574_1_0.jpg | https://ssl.cdn-redfin.com/photo/199/mbpaddedwide/574/genMid.220136574_2_0.jpg | https://ssl.cdn-redfin.com/photo/199/mbpaddedwide/574/genMid.220136574_3_0.jpg | https://ssl.cdn-redfin.com/photo/199/mbpaddedwide/574/genMid.220136574_4_0.jpg | https://ssl.cdn-redfin.com/photo/199/mbpaddedwide/574/genMid.220136574_5_0.jpg | https://ssl.cdn-redfin.com/photo/199/mbpaddedwide/574/genMid.220136574_6_0.jpg | https://ssl.cdn-redfin.com/photo/199/mbpaddedwide/574/genMid.220136574_7_0.jpg | https://ssl.cdn-redfin.com/photo/199/mbpaddedwide/574/genMid.220136574_8_0.jpg | https://ssl.cdn-redfin.com/photo/199/mbpaddedwide/574/genMid.220136574_9_0.jpg | https://ssl.cdn-redfin.com/photo/199/mbpaddedwide/574/genMid.220136574_10_0.jpg | https://ssl.cdn-redfin.com/photo/199/mbpaddedwide/574/genMid.220136574_11_0.jpg | https://ssl.cdn-redfin.com/photo/199/mbpaddedwide/574/genMid.220136574_12_0.jpg | https://ssl.cdn-redfin.com/photo/199/mbpaddedwide/574/genMid.220136574_13_0.jpg | https://ssl.cdn-redfin.com/photo/199/mbpaddedwide/574/genMid.220136574_14_0.jpg | https://ssl.cdn-redfin.com/photo/199/mbpaddedwide/574/genMid.220136574_15_0.jpg | https://ssl.cdn-redfin.com/photo/199/mbpaddedwide/574/genMid.220136574_16_0.jpg | https://ssl.cdn-redfin.com/photo/199/mbpaddedwide/574/genMid.220136574_17_0.jpg | https://ssl.cdn-redfin.com/photo/199/mbpaddedwide/574/genMid.220136574_18_0.jpg | https://ssl.cdn-redfin.com/photo/199/mbpaddedwide/574/genMid.220136574_19_0.jpg | https://ssl.cdn-redfin.com/photo/199/mbpaddedwide/574/genMid.220136574_20_0.jpg | https://ssl.cdn-redfin.com/photo/199/mbpaddedwide/574/genMid.220136574_21_0.jpg,"Listed by Lexxye Haggard  • New Home Star Oregon, LLC",ba379e0c-5517-56a5-bd93-6e9620577ebc,17/04/2022 21:21:35
https://www.redfin.com/MO/Pacific/3760-Bear-Tooth-Ln-63069/home/93319118,3760 Bear Tooth Ln,1175000,"$1,175,000",USD,3760 Bear Tooth Ln,Wildwood,MO,63069,US,38.553768,-90.708614,"Look no further! This custom-built 1.5 story sits on a beautiful 5 acre lot with an inground pool and tons of privacy. Quality finishes throughout! Custom mahogany front door and 2 story entry with a sweeping staircase and tile floors. Formal dining rm with crown molding. Incredible 2 story great rm with a stone fireplace, custom windows, and millwork. The lovely kitchen boast custom cabinets, a center island with a breakfast bar, built-in refrigerator, Wolf gas range, beverage chiller, an adjoining breakfast rm and vaulted hearth rm with a fireplace and built-ins. ML master suite with 2 walk-in closets and full luxury bath with double vanities, jetted tub and walk-in shower. 3 additional bedrms, 3 full baths and a bonus rm on the UL. The walk-out LL, with roughed in plumbing, is ready for your finishing touches. Additional features include ML laundry, 2 ML half baths, composite decking, patios, level yard space, 3 car side entry garage and much more. Absolutely charming! ",6,4,"5,231","[{'Status': 'Pending'}, {'Time on Redfin': '3 days'}, {'Property Type': 'Residential, Residential'}, {'Baths': '4 full, 2 partial'}, {'HOA Dues': '$58/month'}, {'Year Built': '2005'}, {'Style': 'Traditional'}, {'Community': 'Black Bear Ridge Estates'}, {'Lot Size': '5.02 Acres'}, {'MLS#': '22019364'}, {'Est. Mo. Payment': '$6,640'}, {'Price/Sq.Ft.': '$225'}, {""Buyer's Agent Commission"": '2.5%'}]",https://ssl.cdn-redfin.com/photo/156/mbpaddedwide/364/genMid.22019364_0.jpg | https://ssl.cdn-redfin.com/photo/156/mbpaddedwide/364/genMid.22019364_1_0.jpg | https://ssl.cdn-redfin.com/photo/156/mbpaddedwide/364/genMid.22019364_2_0.jpg | https://ssl.cdn-redfin.com/photo/156/mbpaddedwide/364/genMid.22019364_3_0.jpg | https://ssl.cdn-redfin.com/photo/156/mbpaddedwide/364/genMid.22019364_4_0.jpg | https://ssl.cdn-redfin.com/photo/156/mbpaddedwide/364/genMid.22019364_5_0.jpg | https://ssl.cdn-redfin.com/photo/156/mbpaddedwide/364/genMid.22019364_6_0.jpg | https://ssl.cdn-redfin.com/photo/156/mbpaddedwide/364/genMid.22019364_7_0.jpg | https://ssl.cdn-redfin.com/photo/156/mbpaddedwide/364/genMid.22019364_8_0.jpg | https://ssl.cdn-redfin.com/photo/156/mbpaddedwide/364/genMid.22019364_9_0.jpg | https://ssl.cdn-redfin.com/photo/156/mbpaddedwide/364/genMid.22019364_10_0.jpg | https://ssl.cdn-redfin.com/photo/156/mbpaddedwide/364/genMid.22019364_11_0.jpg | https://ssl.cdn-redfin.com/photo/156/mbpaddedwide/364/genMid.22019364_12_0.jpg | https://ssl.cdn-redfin.com/photo/156/mbpaddedwide/364/genMid.22019364_13_0.jpg | https://ssl.cdn-redfin.com/photo/156/mbpaddedwide/364/genMid.22019364_14_0.jpg | https://ssl.cdn-redfin.com/photo/156/mbpaddedwide/364/genMid.22019364_15_0.jpg | https://ssl.cdn-redfin.com/photo/156/mbpaddedwide/364/genMid.22019364_16_0.jpg | https://ssl.cdn-redfin.com/photo/156/mbpaddedwide/364/genMid.22019364_17_0.jpg | https://ssl.cdn-redfin.com/photo/156/mbpaddedwide/364/genMid.22019364_18_0.jpg | https://ssl.cdn-redfin.com/photo/156/mbpaddedwide/364/genMid.22019364_19_0.jpg | https://ssl.cdn-redfin.com/photo/156/mbpaddedwide/364/genMid.22019364_20_0.jpg | https://ssl.cdn-redfin.com/photo/156/mbpaddedwide/364/genMid.22019364_21_0.jpg | https://ssl.cdn-redfin.com/photo/156/mbpaddedwide/364/genMid.22019364_22_0.jpg | https://ssl.cdn-redfin.com/photo/156/mbpaddedwide/364/genMid.22019364_23_0.jpg | https://ssl.cdn-redfin.com/photo/156/mbpaddedwide/364/genMid.22019364_24_0.jpg | https://ssl.cdn-redfin.com/photo/156/mbpaddedwide/364/genMid.22019364_25_0.jpg | https://ssl.cdn-redfin.com/photo/156/mbpaddedwide/364/genMid.22019364_26_0.jpg | https://ssl.cdn-redfin.com/photo/156/mbpaddedwide/364/genMid.22019364_27_0.jpg | https://ssl.cdn-redfin.com/photo/156/mbpaddedwide/364/genMid.22019364_28_0.jpg | https://ssl.cdn-redfin.com/photo/156/mbpaddedwide/364/genMid.22019364_29_0.jpg | https://ssl.cdn-redfin.com/photo/156/mbpaddedwide/364/genMid.22019364_30_0.jpg | https://ssl.cdn-redfin.com/photo/156/mbpaddedwide/364/genMid.22019364_31_0.jpg | https://ssl.cdn-redfin.com/photo/156/mbpaddedwide/364/genMid.22019364_32_0.jpg | https://ssl.cdn-redfin.com/photo/156/mbpaddedwide/364/genMid.22019364_33_0.jpg | https://ssl.cdn-redfin.com/photo/156/mbpaddedwide/364/genMid.22019364_34_0.jpg | https://ssl.cdn-redfin.com/photo/156/mbpaddedwide/364/genMid.22019364_35_0.jpg | https://ssl.cdn-redfin.com/photo/156/mbpaddedwide/364/genMid.22019364_36_0.jpg | https://ssl.cdn-redfin.com/photo/156/mbpaddedwide/364/genMid.22019364_37_0.jpg | https://ssl.cdn-redfin.com/photo/156/mbpaddedwide/364/genMid.22019364_38_0.jpg | https://ssl.cdn-redfin.com/photo/156/mbpaddedwide/364/genMid.22019364_39_0.jpg | https://ssl.cdn-redfin.com/photo/156/mbpaddedwide/364/genMid.22019364_40_0.jpg | https://ssl.cdn-redfin.com/photo/156/mbpaddedwide/364/genMid.22019364_41_0.jpg | https://ssl.cdn-redfin.com/photo/156/mbpaddedwide/364/genMid.22019364_42_0.jpg | https://ssl.cdn-redfin.com/photo/156/mbpaddedwide/364/genMid.22019364_43_0.jpg | https://ssl.cdn-redfin.com/photo/156/mbpaddedwide/364/genMid.22019364_44_0.jpg | https://ssl.cdn-redfin.com/photo/156/mbpaddedwide/364/genMid.22019364_45_0.jpg | https://ssl.cdn-redfin.com/photo/156/mbpaddedwide/364/genMid.22019364_46_0.jpg | https://ssl.cdn-redfin.com/photo/156/mbpaddedwide/364/genMid.22019364_47_0.jpg | https://ssl.cdn-redfin.com/photo/156/mbpaddedwide/364/genMid.22019364_48_0.jpg | https://ssl.cdn-redfin.com/photo/156/mbpaddedwide/364/genMid.22019364_49_0.jpg | https://ssl.cdn-redfin.com/photo/156/mbpaddedwide/364/genMid.22019364_50_0.jpg | https://ssl.cdn-redfin.com/photo/156/mbpaddedwide/364/genMid.22019364_51_0.jpg | https://ssl.cdn-redfin.com/photo/156/mbpaddedwide/364/genMid.22019364_52_0.jpg | https://ssl.cdn-redfin.com/photo/156/mbpaddedwide/364/genMid.22019364_53_0.jpg | https://ssl.cdn-redfin.com/photo/156/mbpaddedwide/364/genMid.22019364_54_0.jpg | https://ssl.cdn-redfin.com/photo/156/mbpaddedwide/364/genMid.22019364_55_0.jpg | https://ssl.cdn-redfin.com/photo/156/mbpaddedwide/364/genMid.22019364_56_0.jpg | https://ssl.cdn-redfin.com/photo/156/mbpaddedwide/364/genMid.22019364_57_0.jpg | https://ssl.cdn-redfin.com/photo/156/mbpaddedwide/364/genMid.22019364_58_0.jpg | https://ssl.cdn-redfin.com/photo/156/mbpaddedwide/364/genMid.22019364_59_0.jpg | https://ssl.cdn-redfin.com/photo/156/mbpaddedwide/364/genMid.22019364_60_0.jpg | https://ssl.cdn-redfin.com/photo/156/mbpaddedwide/364/genMid.22019364_61_0.jpg,Listed by Kristi & JT Monschein  • Berkshire Hathaway Alliance,01b99302-730a-567d-a855-759fa618201f,17/04/2022 21:21:35
https://www.redfin.com/NY/Brooklyn/569-77th-St-11209/home/40814920,569 77th St,1299000,"$1,299,000",USD,569 77th St,Bay Ridge,NY,11209,US,40.6270669,-74.0214066,"Great home in desirable area, close to all. large fenced in yard, updated kitchen and baths ",1.5,3,"1,842","[{'Status': 'Active'}, {'Time on Redfin': '91 days'}, {'Property Type': 'Multi-Family (2-4 Unit)'}, {'Year Built': '1920'}, {'Style': '2 Story'}, {'Community': 'Bay Ridge'}, {'Lot Size': '1,464 Sq. Ft.'}, {'MLS#': '3370000'}, {'List Price': '$1,299,000'}, {'Est. Mo. Payment': '$6,510'}, {'Redfin Estimate': '$1,190,718'}, {'Price/Sq.Ft.': '$705'}]",https://ssl.cdn-redfin.com/photo/269/mbpaddedwide/000/genMid.3370000_4.jpg | https://ssl.cdn-redfin.com/photo/269/mbpaddedwide/000/genMid.3370000_1_4.jpg | https://ssl.cdn-redfin.com/photo/269/mbpaddedwide/000/genMid.3370000_2_2.jpg | https://ssl.cdn-redfin.com/photo/269/mbpaddedwide/000/genMid.3370000_3_2.jpg | https://ssl.cdn-redfin.com/photo/269/mbpaddedwide/000/genMid.3370000_4_2.jpg | https://ssl.cdn-redfin.com/photo/269/mbpaddedwide/000/genMid.3370000_5_2.jpg | https://ssl.cdn-redfin.com/photo/269/mbpaddedwide/000/genMid.3370000_6_2.jpg | https://ssl.cdn-redfin.com/photo/269/mbpaddedwide/000/genMid.3370000_7_2.jpg | https://ssl.cdn-redfin.com/photo/269/mbpaddedwide/000/genMid.3370000_8_2.jpg | https://ssl.cdn-redfin.com/photo/269/mbpaddedwide/000/genMid.3370000_9_2.jpg | https://ssl.cdn-redfin.com/photo/269/mbpaddedwide/000/genMid.3370000_10_2.jpg | https://ssl.cdn-redfin.com/photo/269/mbpaddedwide/000/genMid.3370000_11_2.jpg | https://ssl.cdn-redfin.com/photo/269/mbpaddedwide/000/genMid.3370000_12_2.jpg | https://ssl.cdn-redfin.com/photo/269/mbpaddedwide/000/genMid.3370000_13_2.jpg | https://ssl.cdn-redfin.com/photo/269/mbpaddedwide/000/genMid.3370000_14_2.jpg | https://ssl.cdn-redfin.com/photo/269/mbpaddedwide/000/genMid.3370000_15_2.jpg | https://ssl.cdn-redfin.com/photo/269/mbpaddedwide/000/genMid.3370000_16_2.jpg | https://ssl.cdn-redfin.com/photo/269/mbpaddedwide/000/genMid.3370000_17_2.jpg | https://ssl.cdn-redfin.com/photo/269/mbpaddedwide/000/genMid.3370000_18_2.jpg | https://ssl.cdn-redfin.com/photo/269/mbpaddedwide/000/genMid.3370000_19_2.jpg | https://ssl.cdn-redfin.com/photo/269/mbpaddedwide/000/genMid.3370000_20_2.jpg | https://ssl.cdn-redfin.com/photo/269/mbpaddedwide/000/genMid.3370000_21_2.jpg | https://ssl.cdn-redfin.com/photo/269/mbpaddedwide/000/genMid.3370000_22_2.jpg | https://ssl.cdn-redfin.com/photo/269/mbpaddedwide/000/genMid.3370000_23_2.jpg | https://ssl.cdn-redfin.com/photo/269/mbpaddedwide/000/genMid.3370000_24_2.jpg | https://ssl.cdn-redfin.com/photo/269/mbpaddedwide/000/genMid.3370000_25_2.jpg,Listing by Emily Cherson  • Park Avenue Realty LB,b1fb000d-92fe-5b48-b75c-e87b979a398b,17/04/2022 21:21:36
https://www.redfin.com/TN/MCMINNVILLE/734-COLLINS-RUN-37110/home/87415201,734 Collins Run,484900,"$484,900",USD,734 Collins Run,Mc Minnville,TN,37110,US,35.637553,-85.692484,"A View of the mountains and an amazing custom build awaits a new owner! Hardwood floors, open plan, primary suite on main.  Great kitchen and eating area.  1/2 bath , laundry room, and att garage.  Upstairs you'll find two nice size bedrooms and a wonderful bonus room for media, amazing office space,  etc. Approx 1.2 acres offered with the property (to be surveyed) with more available ",2.5,3,"2,238","[{'Status': 'Active Under Contract'}, {'Property Type': 'Residential, Single Family Residence'}, {'Year Built': '2018'}, {'Style': 'Traditional'}, {'Community': 'Collin S Reserve'}, {'Lot Size': '1.20 Acres'}, {'MLS#': '2366965'}, {'Est. Mo. Payment': '$2,457'}, {'Price/Sq.Ft.': '$217'}, {""Buyer's Agent Commission"": '2.5%'}]",https://ssl.cdn-redfin.com/photo/145/mbpaddedwide/965/genMid.2366965_0.jpg | https://ssl.cdn-redfin.com/photo/145/mbpaddedwide/965/genMid.2366965_1_0.jpg | https://ssl.cdn-redfin.com/photo/145/mbpaddedwide/965/genMid.2366965_2_0.jpg | https://ssl.cdn-redfin.com/photo/145/mbpaddedwide/965/genMid.2366965_3_0.jpg | https://ssl.cdn-redfin.com/photo/145/mbpaddedwide/965/genMid.2366965_4_0.jpg | https://ssl.cdn-redfin.com/photo/145/mbpaddedwide/965/genMid.2366965_5_0.jpg | https://ssl.cdn-redfin.com/photo/145/mbpaddedwide/965/genMid.2366965_6_0.jpg | https://ssl.cdn-redfin.com/photo/145/mbpaddedwide/965/genMid.2366965_7_0.jpg | https://ssl.cdn-redfin.com/photo/145/mbpaddedwide/965/genMid.2366965_8_0.jpg | https://ssl.cdn-redfin.com/photo/145/mbpaddedwide/965/genMid.2366965_9_0.jpg | https://ssl.cdn-redfin.com/photo/145/mbpaddedwide/965/genMid.2366965_10_0.jpg | https://ssl.cdn-redfin.com/photo/145/mbpaddedwide/965/genMid.2366965_11_0.jpg | https://ssl.cdn-redfin.com/photo/145/mbpaddedwide/965/genMid.2366965_12_0.jpg | https://ssl.cdn-redfin.com/photo/145/mbpaddedwide/965/genMid.2366965_13_0.jpg | https://ssl.cdn-redfin.com/photo/145/mbpaddedwide/965/genMid.2366965_14_0.jpg | https://ssl.cdn-redfin.com/photo/145/mbpaddedwide/965/genMid.2366965_15_0.jpg | https://ssl.cdn-redfin.com/photo/145/mbpaddedwide/965/genMid.2366965_16_0.jpg | https://ssl.cdn-redfin.com/photo/145/mbpaddedwide/965/genMid.2366965_17_0.jpg | https://ssl.cdn-redfin.com/photo/145/mbpaddedwide/965/genMid.2366965_18_0.jpg | https://ssl.cdn-redfin.com/photo/145/mbpaddedwide/965/genMid.2366965_19_0.jpg | https://ssl.cdn-redfin.com/photo/145/mbpaddedwide/965/genMid.2366965_20_0.jpg | https://ssl.cdn-redfin.com/photo/145/mbpaddedwide/965/genMid.2366965_21_0.jpg | https://ssl.cdn-redfin.com/photo/145/mbpaddedwide/965/genMid.2366965_22_0.jpg | https://ssl.cdn-redfin.com/photo/145/mbpaddedwide/965/genMid.2366965_23_0.jpg | https://ssl.cdn-redfin.com/photo/145/mbpaddedwide/965/genMid.2366965_24_0.jpg | https://ssl.cdn-redfin.com/photo/145/mbpaddedwide/965/genMid.2366965_25_0.jpg | https://ssl.cdn-redfin.com/photo/145/mbpaddedwide/965/genMid.2366965_26_0.jpg | https://ssl.cdn-redfin.com/photo/145/mbpaddedwide/965/genMid.2366965_27_0.jpg | https://ssl.cdn-redfin.com/photo/145/mbpaddedwide/965/genMid.2366965_28_0.jpg | https://ssl.cdn-redfin.com/photo/145/mbpaddedwide/965/genMid.2366965_29_0.jpg | https://ssl.cdn-redfin.com/photo/145/mbpaddedwide/965/genMid.2366965_30_0.jpg | https://ssl.cdn-redfin.com/photo/145/mbpaddedwide/965/genMid.2366965_31_0.jpg | https://ssl.cdn-redfin.com/photo/145/mbpaddedwide/965/genMid.2366965_32_0.jpg | https://ssl.cdn-redfin.com/photo/145/mbpaddedwide/965/genMid.2366965_33_0.jpg | https://ssl.cdn-redfin.com/photo/145/mbpaddedwide/965/genMid.2366965_34_0.jpg | https://ssl.cdn-redfin.com/photo/145/mbpaddedwide/965/genMid.2366965_35_0.jpg | https://ssl.cdn-redfin.com/photo/145/mbpaddedwide/965/genMid.2366965_36_0.jpg | https://ssl.cdn-redfin.com/photo/145/mbpaddedwide/965/genMid.2366965_37_0.jpg | https://ssl.cdn-redfin.com/photo/145/mbpaddedwide/965/genMid.2366965_38_0.jpg | https://ssl.cdn-redfin.com/photo/145/mbpaddedwide/965/genMid.2366965_39_0.jpg | https://ssl.cdn-redfin.com/photo/145/mbpaddedwide/965/genMid.2366965_40_0.jpg | https://ssl.cdn-redfin.com/photo/145/mbpaddedwide/965/genMid.2366965_41_0.jpg | https://ssl.cdn-redfin.com/photo/145/mbpaddedwide/965/genMid.2366965_42_0.jpg | https://ssl.cdn-redfin.com/photo/145/mbpaddedwide/965/genMid.2366965_43_0.jpg | https://ssl.cdn-redfin.com/photo/145/mbpaddedwide/965/genMid.2366965_44_0.jpg | https://ssl.cdn-redfin.com/photo/145/mbpaddedwide/965/genMid.2366965_45_0.jpg | https://ssl.cdn-redfin.com/photo/145/mbpaddedwide/965/genMid.2366965_46_0.jpg | https://ssl.cdn-redfin.com/photo/145/mbpaddedwide/965/genMid.2366965_47_0.jpg | https://ssl.cdn-redfin.com/photo/145/mbpaddedwide/965/genMid.2366965_48_0.jpg | https://ssl.cdn-redfin.com/photo/145/mbpaddedwide/965/genMid.2366965_49_0.jpg | https://ssl.cdn-redfin.com/photo/145/mbpaddedwide/965/genMid.2366965_50_0.jpg | https://ssl.cdn-redfin.com/photo/145/mbpaddedwide/965/genMid.2366965_51_0.jpg | https://ssl.cdn-redfin.com/photo/145/mbpaddedwide/965/genMid.2366965_52_0.jpg | https://ssl.cdn-redfin.com/photo/145/mbpaddedwide/965/genMid.2366965_53_0.jpg | https://ssl.cdn-redfin.com/photo/145/mbpaddedwide/965/genMid.2366965_54_0.jpg | https://ssl.cdn-redfin.com/photo/145/mbpaddedwide/965/genMid.2366965_55_0.jpg | https://ssl.cdn-redfin.com/photo/145/mbpaddedwide/965/genMid.2366965_56_0.jpg,Listed by Lynne Cole  • Kirby Real Estate,f923c67f-c954-5c91-a365-e4132799fe43,17/04/2022 21:21:36
https://www.redfin.com/DE/Milford/431-North-St-19963/home/144478090,431 North St,239900,"$239,900",USD,431 North St,Milford,DE,19963,US,38.9181498,-75.4311891," *  * New Construction *  *  Make this 3 bedroom, 2 ½ bath, 1 car garage home YOURS. Complete with Stainless Steele appliances, granite counter tops, a center island, and central air and heat. Enjoy summer days and evenings on your back deck. The upstairs master bedroom comes complete with a master bath, walk-in closet, and carpeted floors. Conveniently located moments from downtown Milford, the Riverwalk, and area shopping. Approximately 25 minutes from Delaware Beaches and outlets.  ",2.5,3,"1,571","[{'Status': 'Pending'}, {'Time on Redfin': '29 days'}, {'Property Type': 'Single Family Residential'}, {'Year Built': '2021'}, {'Style': 'A-Frame'}, {'Community': 'Milford'}, {'Lot Size': '3,484 Sq. Ft.'}, {'MLS#': 'DEKT2005884'}, {'Est. Mo. Payment': '$1,098'}, {'Price/Sq.Ft.': '$153'}, {""Buyer's Agent Commission"": '3%'}]",,Listed by Rosezette Dennis  • Keller Williams Realty of Delmarva-Salis,5b3b4504-55e1-51a0-89cd-887c649e7162,17/04/2022 21:21:37
https://www.redfin.com/MA/Grafton/70-Magill-Dr-01519/home/61450742,70 Magill Dr,950000,"$950,000",USD,70 Magill Dr,Grafton,MA,01519,US,42.1907091,-71.6762808,"This beautiful colonial overlooks the 1st and 10th holes at Highfields Golf  &  Country Club. It boasts an open concept layout, neutral colors, and numerous upgrades! High ceilings and a fireplace in the family room lead to granite countertops, an oversized island and stainless-steel appliances in the cabinet-packed Kitchen. The Dining room, Living Room and Office complete the first floor with over-the-top moldings and trim work. A double staircase takes you upstairs to 3 large bedrooms, laundry area, and an expansive master suite with tiled shower, jetted tub, double vanity and an oversized walk-in closet. The basement is fully finished with a home theatre system, home gym area, additional open space, and is pre-plumbed for a bathroom. Outside, enjoy breathtaking sunsets over the rooftop of the clubhouse from your stone patio and fenced in yard. Whether you’re a golfer, a sunset viewer, stargazer or simply enjoy the luxurious comforts of everyday life, this home could be for you! ",2.5,4,"4,421","[{'Status': 'Contingent'}, {'Time on Redfin': '11 days'}, {'Property Type': 'Single Family Detached'}, {'Year Built': '2015'}, {'Style': 'Colonial'}, {'Community': 'Highfields Golf & CC'}, {'Lot Size': '0.32 Acres'}, {'MLS#': '72963133'}, {'Est. Mo. Payment': '$5,404'}, {'Redfin Estimate': '$973,666'}, {'Price/Sq.Ft.': '$215'}, {""Buyer's Agent Commission"": '2%'}]",https://ssl.cdn-redfin.com/photo/52/mbpaddedwide/133/genMid.72963133_0.jpg | https://ssl.cdn-redfin.com/photo/52/mbpaddedwide/133/genMid.72963133_1_0.jpg | https://ssl.cdn-redfin.com/photo/52/mbpaddedwide/133/genMid.72963133_2_0.jpg | https://ssl.cdn-redfin.com/photo/52/mbpaddedwide/133/genMid.72963133_3_0.jpg | https://ssl.cdn-redfin.com/photo/52/mbpaddedwide/133/genMid.72963133_4_0.jpg | https://ssl.cdn-redfin.com/photo/52/mbpaddedwide/133/genMid.72963133_5_0.jpg | https://ssl.cdn-redfin.com/photo/52/mbpaddedwide/133/genMid.72963133_6_0.jpg | https://ssl.cdn-redfin.com/photo/52/mbpaddedwide/133/genMid.72963133_7_0.jpg | https://ssl.cdn-redfin.com/photo/52/mbpaddedwide/133/genMid.72963133_8_0.jpg | https://ssl.cdn-redfin.com/photo/52/mbpaddedwide/133/genMid.72963133_9_0.jpg | https://ssl.cdn-redfin.com/photo/52/mbpaddedwide/133/genMid.72963133_10_0.jpg | https://ssl.cdn-redfin.com/photo/52/mbpaddedwide/133/genMid.72963133_11_0.jpg | https://ssl.cdn-redfin.com/photo/52/mbpaddedwide/133/genMid.72963133_12_0.jpg | https://ssl.cdn-redfin.com/photo/52/mbpaddedwide/133/genMid.72963133_13_0.jpg | https://ssl.cdn-redfin.com/photo/52/mbpaddedwide/133/genMid.72963133_14_0.jpg | https://ssl.cdn-redfin.com/photo/52/mbpaddedwide/133/genMid.72963133_15_0.jpg | https://ssl.cdn-redfin.com/photo/52/mbpaddedwide/133/genMid.72963133_16_0.jpg | https://ssl.cdn-redfin.com/photo/52/mbpaddedwide/133/genMid.72963133_17_0.jpg | https://ssl.cdn-redfin.com/photo/52/mbpaddedwide/133/genMid.72963133_18_0.jpg | https://ssl.cdn-redfin.com/photo/52/mbpaddedwide/133/genMid.72963133_19_0.jpg | https://ssl.cdn-redfin.com/photo/52/mbpaddedwide/133/genMid.72963133_20_0.jpg | https://ssl.cdn-redfin.com/photo/52/mbpaddedwide/133/genMid.72963133_21_0.jpg | https://ssl.cdn-redfin.com/photo/52/mbpaddedwide/133/genMid.72963133_22_0.jpg | https://ssl.cdn-redfin.com/photo/52/mbpaddedwide/133/genMid.72963133_23_0.jpg | https://ssl.cdn-redfin.com/photo/52/mbpaddedwide/133/genMid.72963133_24_0.jpg | https://ssl.cdn-redfin.com/photo/52/mbpaddedwide/133/genMid.72963133_25_0.jpg | https://ssl.cdn-redfin.com/photo/52/mbpaddedwide/133/genMid.72963133_26_0.jpg | https://ssl.cdn-redfin.com/photo/52/mbpaddedwide/133/genMid.72963133_27_0.jpg | https://ssl.cdn-redfin.com/photo/52/mbpaddedwide/133/genMid.72963133_28_0.jpg | https://ssl.cdn-redfin.com/photo/52/mbpaddedwide/133/genMid.72963133_29_0.jpg | https://ssl.cdn-redfin.com/photo/52/mbpaddedwide/133/genMid.72963133_30_0.jpg | https://ssl.cdn-redfin.com/photo/52/mbpaddedwide/133/genMid.72963133_31_0.jpg | https://ssl.cdn-redfin.com/photo/52/mbpaddedwide/133/genMid.72963133_32_0.jpg | https://ssl.cdn-redfin.com/photo/52/mbpaddedwide/133/genMid.72963133_33_0.jpg | https://ssl.cdn-redfin.com/photo/52/mbpaddedwide/133/genMid.72963133_34_0.jpg | https://ssl.cdn-redfin.com/photo/52/mbpaddedwide/133/genMid.72963133_35_0.jpg | https://ssl.cdn-redfin.com/photo/52/mbpaddedwide/133/genMid.72963133_36_0.jpg | https://ssl.cdn-redfin.com/photo/52/mbpaddedwide/133/genMid.72963133_37_0.jpg | https://ssl.cdn-redfin.com/photo/52/mbpaddedwide/133/genMid.72963133_38_0.jpg | https://ssl.cdn-redfin.com/photo/52/mbpaddedwide/133/genMid.72963133_39_0.jpg,Listed by Sydney Padgett  • Mathieu Newton Sotheby's International Realty,ccfce293-3b34-505c-aa90-986cc0159249,17/04/2022 21:21:38
https://www.redfin.com/AL/Arab/792-Co-Rd-1802-35016/home/177710916,792 County Road 1802,225900,"$225,900",USD,792 County Road 1802,Arab,AL,35016,US,34.2330197,-86.5357159,"This brick rancher has a formal living room, family room with gas fireplace, eat-in kitchen, 3 bedrooms, 2 baths and an inside laundry area just off the kitchen.   There is a 16x14 sunroom that is not included in square footage. Closet for the 3rd bedroom is just outside the bedroom door in the hallway. Entrance could be moved to bedroom. There is an attached 2 car garage, deck and storage building. The home comes with two and a half acres. Survey on file.   There is a 60x30 metal shop/building. The shop has four garage doors, breaker box, a concrete floor and a covered lien to the length of the building.  This country setting has beautiful view and large, mature trees. Tons of potential! ",2,3,"1,561","[{'Status': 'Active'}, {'Time on Redfin': '217 days'}, {'Property Type': 'Single Family Residential'}, {'Year Built': '1966'}, {'Community': 'Metes And Bounds'}, {'Lot Size': '2.50 Acres'}, {'MLS#': '1790875'}, {'List Price': '$225,900'}, {'Est. Mo. Payment': '$1,344'}, {'Redfin Estimate': '$218,123'}, {'Price/Sq.Ft.': '$145'}]",https://ssl.cdn-redfin.com/photo/252/mbpaddedwide/875/genMid.1790875_3.jpg | https://ssl.cdn-redfin.com/photo/252/mbpaddedwide/875/genMid.1790875_1_3.jpg | https://ssl.cdn-redfin.com/photo/252/mbpaddedwide/875/genMid.1790875_2_3.jpg | https://ssl.cdn-redfin.com/photo/252/mbpaddedwide/875/genMid.1790875_3_3.jpg | https://ssl.cdn-redfin.com/photo/252/mbpaddedwide/875/genMid.1790875_4_3.jpg | https://ssl.cdn-redfin.com/photo/252/mbpaddedwide/875/genMid.1790875_5_3.jpg | https://ssl.cdn-redfin.com/photo/252/mbpaddedwide/875/genMid.1790875_6_3.jpg | https://ssl.cdn-redfin.com/photo/252/mbpaddedwide/875/genMid.1790875_7_3.jpg | https://ssl.cdn-redfin.com/photo/252/mbpaddedwide/875/genMid.1790875_8_3.jpg | https://ssl.cdn-redfin.com/photo/252/mbpaddedwide/875/genMid.1790875_9_3.jpg | https://ssl.cdn-redfin.com/photo/252/mbpaddedwide/875/genMid.1790875_10_3.jpg | https://ssl.cdn-redfin.com/photo/252/mbpaddedwide/875/genMid.1790875_11_3.jpg | https://ssl.cdn-redfin.com/photo/252/mbpaddedwide/875/genMid.1790875_12_3.jpg | https://ssl.cdn-redfin.com/photo/252/mbpaddedwide/875/genMid.1790875_13_3.jpg | https://ssl.cdn-redfin.com/photo/252/mbpaddedwide/875/genMid.1790875_14_3.jpg | https://ssl.cdn-redfin.com/photo/252/mbpaddedwide/875/genMid.1790875_15_3.jpg | https://ssl.cdn-redfin.com/photo/252/mbpaddedwide/875/genMid.1790875_16_3.jpg | https://ssl.cdn-redfin.com/photo/252/mbpaddedwide/875/genMid.1790875_17_3.jpg | https://ssl.cdn-redfin.com/photo/252/mbpaddedwide/875/genMid.1790875_18_3.jpg | https://ssl.cdn-redfin.com/photo/252/mbpaddedwide/875/genMid.1790875_19_3.jpg | https://ssl.cdn-redfin.com/photo/252/mbpaddedwide/875/genMid.1790875_20_3.jpg | https://ssl.cdn-redfin.com/photo/252/mbpaddedwide/875/genMid.1790875_21_3.jpg | https://ssl.cdn-redfin.com/photo/252/mbpaddedwide/875/genMid.1790875_22_3.jpg | https://ssl.cdn-redfin.com/photo/252/mbpaddedwide/875/genMid.1790875_23_3.jpg | https://ssl.cdn-redfin.com/photo/252/mbpaddedwide/875/genMid.1790875_24_3.jpg | https://ssl.cdn-redfin.com/photo/252/mbpaddedwide/875/genMid.1790875_25_3.jpg | https://ssl.cdn-redfin.com/photo/252/mbpaddedwide/875/genMid.1790875_26_3.jpg,Listed by Teressa Campbell  • Century 21 The Premiere Agency,7a059560-ae14-5b7b-a292-504327b52bec,17/04/2022 21:21:39
https://www.redfin.com/GA/BALL-GROUND/7975-SCENIC-RIDGE-WAY-30107/home/177376945,7975 Scenic Ridge Way,465501,"$465,501",USD,7975 Scenic Ridge Way,Ball Ground,GA,30107,US,,,"New Construction by Fischer Homes in the beautiful River Rock community with the Wyatt Nantucket Retreat plan. Island kitchen with upgraded countertops and cabinetry. Spacious family room expands to light-filled morning room. Dining room and included rec room. Primary Suite with private bath and walk-in closet. Three additional bedrooms, loft, and hall bath. Two car garage.  ",2.5,4,"2,753","[{'Status': 'Pending'}, {'Time on Redfin': '24 hours'}, {'Property Type': 'Single Family Residential'}, {'HOA Dues': '$100/month'}, {'Year Built': '2022'}, {'Style': 'Traditional'}, {'Community': 'River Rock'}, {'Lot Size': '0.27 Acres'}, {'MLS#': '6980317'}, {'Est. Mo. Payment': '$2,826'}, {'Price/Sq.Ft.': '$169'}, {""Buyer's Agent Commission"": '3%'}]",,Listed by Al Hencheck  • HMS Real Estate LLC,ea9acee8-2081-5e8c-b7d3-897be5da6888,17/04/2022 21:21:40
https://www.redfin.com/CO/Castle-Rock/4060-Castle-Vista-Ln-80104/home/63034370,4060 Castle Vista Ln,580633,"$580,633",USD,4060 Castle Vista Ln,Castle Rock,CO,80104,US,39.354545,-104.8193269,"This ranch inspired Alexandrite plan offers space to relax with the family or entertain friends. A covered entry leads past a laundry and bedroom into an open floorplan, featuring a kitchen with a center island, a dining area, and a great room. The owner's suite is adjacent, and includes a walk-in closet and private bathroom. You’ll find two additional bedrooms and a full bath at the back of the home as well. A covered patio is also included and adds extra space to enjoy the warm summer months! ",2,4,"1,740","[{'Status': 'Pending'}, {'Time on Redfin': '189 days'}, {'Property Type': 'Single Family Residential'}, {'HOA Dues': '$85/month'}, {'Year Built': '2021'}, {'Community': 'Seasons at the Oaks'}, {'Lot Size': '7,868 Sq. Ft.'}, {'MLS#': '4637242'}, {'Est. Mo. Payment': '$2,848'}, {'Redfin Estimate': '$587,763'}, {'Price/Sq.Ft.': '$334'}, {""Buyer's Agent Commission"": '2%'}]",,Listed by Courtney Wilson  • RE/MAX Masters Millennium,bab1ccf4-fbf2-542d-afed-5b349e2a0202,17/04/2022 21:21:40
https://www.redfin.com/AZ/Pinetop-Lakeside/2627-S-Pinetop-Mountain-Ln-85935/unit-L/home/121040991,2627 S PINETOP MOUNTAIN Ln,995000,"$995,000",USD,2627 S PINETOP MOUNTAIN Ln,Pinetop,AZ,85935,US,34.1164515,-109.9389631,"This is absolute Paradise in Pinetop! Turn Key ALL furniture  &  decorations convey! This cabin puts you half way up the trees through a double wrap around porch to enjoy the incredible mountain air! Equipped with a fire pit and trees literally built into the deck, this custom home is an incredible experience. Inside boasts 3508 sq ft, Six Bedrooms, Four Bathrooms, TWO Master Suites, Four Fireplaces, two jacuzzi tubs, a gourmet kitchen with thick black granite countertops, stainless steel appliances, and a second kitchenette downstairs! Property sits on just under half an acre and even has separate parking that could easily serve as RV parking! A gorgeous custom waterfall is the centerpiece of this cabin that really sets the tone the moment you walk in. NO HOA! This is an absolute must see! ",4,6,"3,508","[{'Status': 'Active'}, {'Time on Redfin': '4 days'}, {'Property Type': 'Single Family Detached'}, {'Year Built': '1997'}, {'Style': 'Other (See Remarks)'}, {'Community': 'WHITE MOUNTAIN CLUB ESTATES'}, {'Lot Size': '0.45 Acres'}, {'MLS#': '6383245'}, {'List Price': '$995,000'}, {'Est. Mo. Payment': '$4,892'}, {'Price/Sq.Ft.': '$284'}]",https://ssl.cdn-redfin.com/photo/86/mbpaddedwide/245/genMid.6383245_0.jpg | https://ssl.cdn-redfin.com/photo/86/mbpaddedwide/245/genMid.6383245_1_0.jpg | https://ssl.cdn-redfin.com/photo/86/mbpaddedwide/245/genMid.6383245_2_0.jpg | https://ssl.cdn-redfin.com/photo/86/mbpaddedwide/245/genMid.6383245_3_0.jpg | https://ssl.cdn-redfin.com/photo/86/mbpaddedwide/245/genMid.6383245_4_0.jpg | https://ssl.cdn-redfin.com/photo/86/mbpaddedwide/245/genMid.6383245_5_0.jpg | https://ssl.cdn-redfin.com/photo/86/mbpaddedwide/245/genMid.6383245_6_0.jpg | https://ssl.cdn-redfin.com/photo/86/mbpaddedwide/245/genMid.6383245_7_0.jpg | https://ssl.cdn-redfin.com/photo/86/mbpaddedwide/245/genMid.6383245_8_0.jpg | https://ssl.cdn-redfin.com/photo/86/mbpaddedwide/245/genMid.6383245_9_0.jpg | https://ssl.cdn-redfin.com/photo/86/mbpaddedwide/245/genMid.6383245_10_0.jpg | https://ssl.cdn-redfin.com/photo/86/mbpaddedwide/245/genMid.6383245_11_0.jpg | https://ssl.cdn-redfin.com/photo/86/mbpaddedwide/245/genMid.6383245_12_0.jpg | https://ssl.cdn-redfin.com/photo/86/mbpaddedwide/245/genMid.6383245_13_0.jpg | https://ssl.cdn-redfin.com/photo/86/mbpaddedwide/245/genMid.6383245_14_0.jpg | https://ssl.cdn-redfin.com/photo/86/mbpaddedwide/245/genMid.6383245_15_0.jpg | https://ssl.cdn-redfin.com/photo/86/mbpaddedwide/245/genMid.6383245_16_0.jpg | https://ssl.cdn-redfin.com/photo/86/mbpaddedwide/245/genMid.6383245_17_0.jpg | https://ssl.cdn-redfin.com/photo/86/mbpaddedwide/245/genMid.6383245_18_0.jpg | https://ssl.cdn-redfin.com/photo/86/mbpaddedwide/245/genMid.6383245_19_0.jpg | https://ssl.cdn-redfin.com/photo/86/mbpaddedwide/245/genMid.6383245_20_0.jpg | https://ssl.cdn-redfin.com/photo/86/mbpaddedwide/245/genMid.6383245_21_0.jpg | https://ssl.cdn-redfin.com/photo/86/mbpaddedwide/245/genMid.6383245_22_0.jpg | https://ssl.cdn-redfin.com/photo/86/mbpaddedwide/245/genMid.6383245_23_0.jpg | https://ssl.cdn-redfin.com/photo/86/mbpaddedwide/245/genMid.6383245_24_0.jpg | https://ssl.cdn-redfin.com/photo/86/mbpaddedwide/245/genMid.6383245_25_0.jpg | https://ssl.cdn-redfin.com/photo/86/mbpaddedwide/245/genMid.6383245_26_0.jpg | https://ssl.cdn-redfin.com/photo/86/mbpaddedwide/245/genMid.6383245_27_0.jpg | https://ssl.cdn-redfin.com/photo/86/mbpaddedwide/245/genMid.6383245_28_0.jpg | https://ssl.cdn-redfin.com/photo/86/mbpaddedwide/245/genMid.6383245_29_0.jpg | https://ssl.cdn-redfin.com/photo/86/mbpaddedwide/245/genMid.6383245_30_0.jpg | https://ssl.cdn-redfin.com/photo/86/mbpaddedwide/245/genMid.6383245_31_0.jpg | https://ssl.cdn-redfin.com/photo/86/mbpaddedwide/245/genMid.6383245_32_0.jpg | https://ssl.cdn-redfin.com/photo/86/mbpaddedwide/245/genMid.6383245_33_0.jpg | https://ssl.cdn-redfin.com/photo/86/mbpaddedwide/245/genMid.6383245_34_0.jpg | https://ssl.cdn-redfin.com/photo/86/mbpaddedwide/245/genMid.6383245_35_0.jpg | https://ssl.cdn-redfin.com/photo/86/mbpaddedwide/245/genMid.6383245_36_0.jpg | https://ssl.cdn-redfin.com/photo/86/mbpaddedwide/245/genMid.6383245_37_0.jpg | https://ssl.cdn-redfin.com/photo/86/mbpaddedwide/245/genMid.6383245_38_0.jpg | https://ssl.cdn-redfin.com/photo/86/mbpaddedwide/245/genMid.6383245_39_0.jpg | https://ssl.cdn-redfin.com/photo/86/mbpaddedwide/245/genMid.6383245_40_0.jpg | https://ssl.cdn-redfin.com/photo/86/mbpaddedwide/245/genMid.6383245_41_0.jpg | https://ssl.cdn-redfin.com/photo/86/mbpaddedwide/245/genMid.6383245_42_0.jpg | https://ssl.cdn-redfin.com/photo/86/mbpaddedwide/245/genMid.6383245_43_0.jpg | https://ssl.cdn-redfin.com/photo/86/mbpaddedwide/245/genMid.6383245_44_0.jpg | https://ssl.cdn-redfin.com/photo/86/mbpaddedwide/245/genMid.6383245_45_0.jpg | https://ssl.cdn-redfin.com/photo/86/mbpaddedwide/245/genMid.6383245_46_0.jpg | https://ssl.cdn-redfin.com/photo/86/mbpaddedwide/245/genMid.6383245_47_0.jpg | https://ssl.cdn-redfin.com/photo/86/mbpaddedwide/245/genMid.6383245_48_0.jpg | https://ssl.cdn-redfin.com/photo/86/mbpaddedwide/245/genMid.6383245_49_0.jpg | https://ssl.cdn-redfin.com/photo/86/mbpaddedwide/245/genMid.6383245_50_0.jpg | https://ssl.cdn-redfin.com/photo/86/mbpaddedwide/245/genMid.6383245_51_0.jpg | https://ssl.cdn-redfin.com/photo/86/mbpaddedwide/245/genMid.6383245_52_0.jpg | https://ssl.cdn-redfin.com/photo/86/mbpaddedwide/245/genMid.6383245_53_0.jpg | https://ssl.cdn-redfin.com/photo/86/mbpaddedwide/245/genMid.6383245_54_0.jpg | https://ssl.cdn-redfin.com/photo/86/mbpaddedwide/245/genMid.6383245_55_0.jpg | https://ssl.cdn-redfin.com/photo/86/mbpaddedwide/245/genMid.6383245_56_0.jpg | https://ssl.cdn-redfin.com/photo/86/mbpaddedwide/245/genMid.6383245_57_0.jpg | https://ssl.cdn-redfin.com/photo/86/mbpaddedwide/245/genMid.6383245_58_0.jpg | https://ssl.cdn-redfin.com/photo/86/mbpaddedwide/245/genMid.6383245_59_0.jpg | https://ssl.cdn-redfin.com/photo/86/mbpaddedwide/245/genMid.6383245_60_0.jpg | https://ssl.cdn-redfin.com/photo/86/mbpaddedwide/245/genMid.6383245_61_0.jpg | https://ssl.cdn-redfin.com/photo/86/mbpaddedwide/245/genMid.6383245_62_0.jpg | https://ssl.cdn-redfin.com/photo/86/mbpaddedwide/245/genMid.6383245_63_0.jpg | https://ssl.cdn-redfin.com/photo/86/mbpaddedwide/245/genMid.6383245_64_0.jpg | https://ssl.cdn-redfin.com/photo/86/mbpaddedwide/245/genMid.6383245_65_0.jpg | https://ssl.cdn-redfin.com/photo/86/mbpaddedwide/245/genMid.6383245_66_0.jpg | https://ssl.cdn-redfin.com/photo/86/mbpaddedwide/245/genMid.6383245_67_0.jpg | https://ssl.cdn-redfin.com/photo/86/mbpaddedwide/245/genMid.6383245_68_0.jpg | https://ssl.cdn-redfin.com/photo/86/mbpaddedwide/245/genMid.6383245_69_0.jpg | https://ssl.cdn-redfin.com/photo/86/mbpaddedwide/245/genMid.6383245_70_0.jpg | https://ssl.cdn-redfin.com/photo/86/mbpaddedwide/245/genMid.6383245_71_0.jpg | https://ssl.cdn-redfin.com/photo/86/mbpaddedwide/245/genMid.6383245_72_0.jpg | https://ssl.cdn-redfin.com/photo/86/mbpaddedwide/245/genMid.6383245_73_0.jpg | https://ssl.cdn-redfin.com/photo/86/mbpaddedwide/245/genMid.6383245_74_0.jpg | https://ssl.cdn-redfin.com/photo/86/mbpaddedwide/245/genMid.6383245_75_0.jpg | https://ssl.cdn-redfin.com/photo/86/mbpaddedwide/245/genMid.6383245_76_0.jpg | https://ssl.cdn-redfin.com/photo/86/mbpaddedwide/245/genMid.6383245_77_0.jpg | https://ssl.cdn-redfin.com/photo/86/mbpaddedwide/245/genMid.6383245_78_0.jpg | https://ssl.cdn-redfin.com/photo/86/mbpaddedwide/245/genMid.6383245_79_0.jpg | https://ssl.cdn-redfin.com/photo/86/mbpaddedwide/245/genMid.6383245_80_0.jpg | https://ssl.cdn-redfin.com/photo/86/mbpaddedwide/245/genMid.6383245_81_0.jpg | https://ssl.cdn-redfin.com/photo/86/mbpaddedwide/245/genMid.6383245_82_0.jpg | https://ssl.cdn-redfin.com/photo/86/mbpaddedwide/245/genMid.6383245_83_0.jpg | https://ssl.cdn-redfin.com/photo/86/mbpaddedwide/245/genMid.6383245_84_0.jpg | https://ssl.cdn-redfin.com/photo/86/mbpaddedwide/245/genMid.6383245_85_0.jpg | https://ssl.cdn-redfin.com/photo/86/mbpaddedwide/245/genMid.6383245_86_0.jpg | https://ssl.cdn-redfin.com/photo/86/mbpaddedwide/245/genMid.6383245_87_0.jpg | https://ssl.cdn-redfin.com/photo/86/mbpaddedwide/245/genMid.6383245_88_0.jpg | https://ssl.cdn-redfin.com/photo/86/mbpaddedwide/245/genMid.6383245_89_0.jpg | https://ssl.cdn-redfin.com/photo/86/mbpaddedwide/245/genMid.6383245_90_0.jpg | https://ssl.cdn-redfin.com/photo/86/mbpaddedwide/245/genMid.6383245_91_0.jpg | https://ssl.cdn-redfin.com/photo/86/mbpaddedwide/245/genMid.6383245_92_0.jpg | https://ssl.cdn-redfin.com/photo/86/mbpaddedwide/245/genMid.6383245_93_0.jpg | https://ssl.cdn-redfin.com/photo/86/mbpaddedwide/245/genMid.6383245_94_0.jpg | https://ssl.cdn-redfin.com/photo/86/mbpaddedwide/245/genMid.6383245_95_0.jpg | https://ssl.cdn-redfin.com/photo/86/mbpaddedwide/245/genMid.6383245_96_0.jpg | https://ssl.cdn-redfin.com/photo/86/mbpaddedwide/245/genMid.6383245_97_0.jpg | https://ssl.cdn-redfin.com/photo/86/mbpaddedwide/245/genMid.6383245_98_0.jpg | https://ssl.cdn-redfin.com/photo/86/mbpaddedwide/245/genMid.6383245_99_0.jpg | https://ssl.cdn-redfin.com/photo/86/mbpaddedwide/245/genMid.6383245_100_0.jpg | https://ssl.cdn-redfin.com/photo/86/mbpaddedwide/245/genMid.6383245_101_0.jpg | https://ssl.cdn-redfin.com/photo/86/mbpaddedwide/245/genMid.6383245_102_0.jpg | https://ssl.cdn-redfin.com/photo/86/mbpaddedwide/245/genMid.6383245_103_0.jpg | https://ssl.cdn-redfin.com/photo/86/mbpaddedwide/245/genMid.6383245_104_0.jpg | https://ssl.cdn-redfin.com/photo/86/mbpaddedwide/245/genMid.6383245_105_0.jpg | https://ssl.cdn-redfin.com/photo/86/mbpaddedwide/245/genMid.6383245_106_0.jpg | https://ssl.cdn-redfin.com/photo/86/mbpaddedwide/245/genMid.6383245_107_0.jpg | https://ssl.cdn-redfin.com/photo/86/mbpaddedwide/245/genMid.6383245_108_0.jpg | https://ssl.cdn-redfin.com/photo/86/mbpaddedwide/245/genMid.6383245_109_0.jpg | https://ssl.cdn-redfin.com/photo/86/mbpaddedwide/245/genMid.6383245_110_0.jpg | https://ssl.cdn-redfin.com/photo/86/mbpaddedwide/245/genMid.6383245_111_0.jpg | https://ssl.cdn-redfin.com/photo/86/mbpaddedwide/245/genMid.6383245_112_0.jpg | https://ssl.cdn-redfin.com/photo/86/mbpaddedwide/245/genMid.6383245_113_0.jpg | https://ssl.cdn-redfin.com/photo/86/mbpaddedwide/245/genMid.6383245_114_0.jpg | https://ssl.cdn-redfin.com/photo/86/mbpaddedwide/245/genMid.6383245_115_0.jpg | https://ssl.cdn-redfin.com/photo/86/mbpaddedwide/245/genMid.6383245_116_0.jpg | https://ssl.cdn-redfin.com/photo/86/mbpaddedwide/245/genMid.6383245_117_0.jpg,Listed by Ryan Richardson  • HomeSmart,72411760-2826-504a-bb2d-1d4c2e62d69a,17/04/2022 21:21:41
https://www.redfin.com/KY/Falmouth/310-Beech-St-41040/home/83502391,310 Beech St,144900,"$144,900",USD,310 Beech St,Falmouth,KY,41040,US,38.6742724,-84.3263271,"Public Remarks: Say goodbye to the gray skies of winter with this fresh, bright, and inviting home with nearly 2000 sq. feet to love! The current owners have taken jobs out of state so excuse the boxes while making plans to see this functional updated home which won't last long on today's market. There are formal and informal living areas inside and plenty of places to enjoy outside as well. Showings should be requested by realtors and are offered through all KY MLS systems through Showingtime. ",2,3,"1,920","[{'Status': 'Pending'}, {'Time on Redfin': '20 days'}, {'Property Type': 'Manufactured, Single Family Residential, A'}, {'Year Built': '2004'}, {'Community': 'Falmouth'}, {'Lot Size': '9,583 Sq. Ft.'}, {'MLS#': '1608292'}, {'Est. Mo. Payment': '$790'}, {'Redfin Estimate': '$141,075'}, {'Price/Sq.Ft.': '$75'}]",https://ssl.cdn-redfin.com/photo/185/mbpaddedwide/292/genMid.1608292_4.jpg | https://ssl.cdn-redfin.com/photo/185/mbpaddedwide/292/genMid.1608292_1_4.jpg | https://ssl.cdn-redfin.com/photo/185/mbpaddedwide/292/genMid.1608292_2_4.jpg | https://ssl.cdn-redfin.com/photo/185/mbpaddedwide/292/genMid.1608292_3_4.jpg | https://ssl.cdn-redfin.com/photo/185/mbpaddedwide/292/genMid.1608292_4_4.jpg | https://ssl.cdn-redfin.com/photo/185/mbpaddedwide/292/genMid.1608292_5_4.jpg | https://ssl.cdn-redfin.com/photo/185/mbpaddedwide/292/genMid.1608292_6_4.jpg | https://ssl.cdn-redfin.com/photo/185/mbpaddedwide/292/genMid.1608292_7_4.jpg | https://ssl.cdn-redfin.com/photo/185/mbpaddedwide/292/genMid.1608292_8_4.jpg | https://ssl.cdn-redfin.com/photo/185/mbpaddedwide/292/genMid.1608292_9_4.jpg | https://ssl.cdn-redfin.com/photo/185/mbpaddedwide/292/genMid.1608292_10_4.jpg | https://ssl.cdn-redfin.com/photo/185/mbpaddedwide/292/genMid.1608292_11_4.jpg | https://ssl.cdn-redfin.com/photo/185/mbpaddedwide/292/genMid.1608292_12_4.jpg | https://ssl.cdn-redfin.com/photo/185/mbpaddedwide/292/genMid.1608292_13_4.jpg | https://ssl.cdn-redfin.com/photo/185/mbpaddedwide/292/genMid.1608292_14_4.jpg,Listed by Debbie Wright  • Debbie Wright Realty,9164fe6d-50d9-5687-ba06-be850d063af3,17/04/2022 21:21:41
https://www.redfin.com/CA/Grass-Valley/21725-Salt-Creek-Rd-95949/home/170965949,21725 Salt Creek Rd,899000,"$899,000",USD,21725 Salt Creek Rd,Grass Valley,CA,95949,US,39.0616958,-121.0527924,"Country living at its finest. This home is surrounded by the peace and beauty of nature.  Bring your horses to this lush 11+ acre property.  This 3300+ sq ft home features 4 bedrooms, 3 full baths with the master on main level. The master has a walk-in closet and sitting area. There is a beautiful sunroom off the kitchen and a double-sided fireplace between the living room and breakfast nook.  Kitchen has plenty of cabinets plus a walk-in pantry. There is a family rec room upstairs along with two additional bedrooms. An 8,000-gallon rainwater capture system connects to leaf guard gutters and a fully owned solar array with battery backup offers you nearly complete energy independence. Four stall barn and fencing for your horses is already in place.  A soothing water feature off the front porch completes this magnificent property. ",3,4,"3,307","[{'Status': 'Pending - Bring Backup'}, {'Time on Redfin': '18 days'}, {'Property Type': 'Single Family Residential'}, {'HOA Dues': '$50/month'}, {'Year Built': '2003'}, {'Style': 'Ranch'}, {'Community': 'Grass Valley'}, {'Lot Size': '11.57 Acres'}, {'MLS#': '222028994'}, {'Est. Mo. Payment': '$4,955'}, {'Redfin Estimate': '$896,668'}, {'Price/Sq.Ft.': '$272'}]",https://ssl.cdn-redfin.com/photo/77/mbpaddedwide/994/genMid.222028994_0.jpg | https://ssl.cdn-redfin.com/photo/77/mbpaddedwide/994/genMid.222028994_1_0.jpg | https://ssl.cdn-redfin.com/photo/77/mbpaddedwide/994/genMid.222028994_2_0.jpg | https://ssl.cdn-redfin.com/photo/77/mbpaddedwide/994/genMid.222028994_3_0.jpg | https://ssl.cdn-redfin.com/photo/77/mbpaddedwide/994/genMid.222028994_4_0.jpg | https://ssl.cdn-redfin.com/photo/77/mbpaddedwide/994/genMid.222028994_5_0.jpg | https://ssl.cdn-redfin.com/photo/77/mbpaddedwide/994/genMid.222028994_6_0.jpg | https://ssl.cdn-redfin.com/photo/77/mbpaddedwide/994/genMid.222028994_7_0.jpg | https://ssl.cdn-redfin.com/photo/77/mbpaddedwide/994/genMid.222028994_8_0.jpg | https://ssl.cdn-redfin.com/photo/77/mbpaddedwide/994/genMid.222028994_9_0.jpg | https://ssl.cdn-redfin.com/photo/77/mbpaddedwide/994/genMid.222028994_10_0.jpg | https://ssl.cdn-redfin.com/photo/77/mbpaddedwide/994/genMid.222028994_11_0.jpg | https://ssl.cdn-redfin.com/photo/77/mbpaddedwide/994/genMid.222028994_12_0.jpg | https://ssl.cdn-redfin.com/photo/77/mbpaddedwide/994/genMid.222028994_13_0.jpg | https://ssl.cdn-redfin.com/photo/77/mbpaddedwide/994/genMid.222028994_14_0.jpg | https://ssl.cdn-redfin.com/photo/77/mbpaddedwide/994/genMid.222028994_15_0.jpg | https://ssl.cdn-redfin.com/photo/77/mbpaddedwide/994/genMid.222028994_16_0.jpg | https://ssl.cdn-redfin.com/photo/77/mbpaddedwide/994/genMid.222028994_17_0.jpg | https://ssl.cdn-redfin.com/photo/77/mbpaddedwide/994/genMid.222028994_18_0.jpg | https://ssl.cdn-redfin.com/photo/77/mbpaddedwide/994/genMid.222028994_19_0.jpg | https://ssl.cdn-redfin.com/photo/77/mbpaddedwide/994/genMid.222028994_20_0.jpg | https://ssl.cdn-redfin.com/photo/77/mbpaddedwide/994/genMid.222028994_21_0.jpg | https://ssl.cdn-redfin.com/photo/77/mbpaddedwide/994/genMid.222028994_22_0.jpg | https://ssl.cdn-redfin.com/photo/77/mbpaddedwide/994/genMid.222028994_23_0.jpg | https://ssl.cdn-redfin.com/photo/77/mbpaddedwide/994/genMid.222028994_24_0.jpg | https://ssl.cdn-redfin.com/photo/77/mbpaddedwide/994/genMid.222028994_25_0.jpg | https://ssl.cdn-redfin.com/photo/77/mbpaddedwide/994/genMid.222028994_26_0.jpg | https://ssl.cdn-redfin.com/photo/77/mbpaddedwide/994/genMid.222028994_27_0.jpg | https://ssl.cdn-redfin.com/photo/77/mbpaddedwide/994/genMid.222028994_28_0.jpg | https://ssl.cdn-redfin.com/photo/77/mbpaddedwide/994/genMid.222028994_29_0.jpg | https://ssl.cdn-redfin.com/photo/77/mbpaddedwide/994/genMid.222028994_30_0.jpg | https://ssl.cdn-redfin.com/photo/77/mbpaddedwide/994/genMid.222028994_31_0.jpg | https://ssl.cdn-redfin.com/photo/77/mbpaddedwide/994/genMid.222028994_32_0.jpg | https://ssl.cdn-redfin.com/photo/77/mbpaddedwide/994/genMid.222028994_33_0.jpg | https://ssl.cdn-redfin.com/photo/77/mbpaddedwide/994/genMid.222028994_34_0.jpg | https://ssl.cdn-redfin.com/photo/77/mbpaddedwide/994/genMid.222028994_35_0.jpg | https://ssl.cdn-redfin.com/photo/77/mbpaddedwide/994/genMid.222028994_36_0.jpg | https://ssl.cdn-redfin.com/photo/77/mbpaddedwide/994/genMid.222028994_37_0.jpg | https://ssl.cdn-redfin.com/photo/77/mbpaddedwide/994/genMid.222028994_38_0.jpg | https://ssl.cdn-redfin.com/photo/77/mbpaddedwide/994/genMid.222028994_39_0.jpg | https://ssl.cdn-redfin.com/photo/77/mbpaddedwide/994/genMid.222028994_40_0.jpg | https://ssl.cdn-redfin.com/photo/77/mbpaddedwide/994/genMid.222028994_41_0.jpg | https://ssl.cdn-redfin.com/photo/77/mbpaddedwide/994/genMid.222028994_42_0.jpg | https://ssl.cdn-redfin.com/photo/77/mbpaddedwide/994/genMid.222028994_43_0.jpg | https://ssl.cdn-redfin.com/photo/77/mbpaddedwide/994/genMid.222028994_44_0.jpg | https://ssl.cdn-redfin.com/photo/77/mbpaddedwide/994/genMid.222028994_45_0.jpg | https://ssl.cdn-redfin.com/photo/77/mbpaddedwide/994/genMid.222028994_46_0.jpg | https://ssl.cdn-redfin.com/photo/77/mbpaddedwide/994/genMid.222028994_47_0.jpg | https://ssl.cdn-redfin.com/photo/77/mbpaddedwide/994/genMid.222028994_48_0.jpg | https://ssl.cdn-redfin.com/photo/77/mbpaddedwide/994/genMid.222028994_49_0.jpg | https://ssl.cdn-redfin.com/photo/77/mbpaddedwide/994/genMid.222028994_50_0.jpg | https://ssl.cdn-redfin.com/photo/77/mbpaddedwide/994/genMid.222028994_51_0.jpg | https://ssl.cdn-redfin.com/photo/77/mbpaddedwide/994/genMid.222028994_52_0.jpg | https://ssl.cdn-redfin.com/photo/77/mbpaddedwide/994/genMid.222028994_53_0.jpg | https://ssl.cdn-redfin.com/photo/77/mbpaddedwide/994/genMid.222028994_54_0.jpg | https://ssl.cdn-redfin.com/photo/77/mbpaddedwide/994/genMid.222028994_55_0.jpg | https://ssl.cdn-redfin.com/photo/77/mbpaddedwide/994/genMid.222028994_56_0.jpg | https://ssl.cdn-redfin.com/photo/77/mbpaddedwide/994/genMid.222028994_57_0.jpg | https://ssl.cdn-redfin.com/photo/77/mbpaddedwide/994/genMid.222028994_58_0.jpg | https://ssl.cdn-redfin.com/photo/77/mbpaddedwide/994/genMid.222028994_59_0.jpg | https://ssl.cdn-redfin.com/photo/77/mbpaddedwide/994/genMid.222028994_60_0.jpg | https://ssl.cdn-redfin.com/photo/77/mbpaddedwide/994/genMid.222028994_61_0.jpg | https://ssl.cdn-redfin.com/photo/77/mbpaddedwide/994/genMid.222028994_62_0.jpg | https://ssl.cdn-redfin.com/photo/77/mbpaddedwide/994/genMid.222028994_63_0.jpg | https://ssl.cdn-redfin.com/photo/77/mbpaddedwide/994/genMid.222028994_64_0.jpg | https://ssl.cdn-redfin.com/photo/77/mbpaddedwide/994/genMid.222028994_65_0.jpg | https://ssl.cdn-redfin.com/photo/77/mbpaddedwide/994/genMid.222028994_66_0.jpg | https://ssl.cdn-redfin.com/photo/77/mbpaddedwide/994/genMid.222028994_67_0.jpg,Listed by Jeffrey Bogaczyk •DRE #02001933 • eXp Realty of California Inc,eabe1715-b697-5b9f-8773-a8cdc053f5f4,17/04/2022 21:21:42
https://www.redfin.com/MN/Minneapolis/6008-Oaklawn-Ave-55424/home/50045059,6008 Oaklawn Ave,1650000,"$1,650,000",USD,6008 Oaklawn Ave,Edina,MN,55424,US,44.8940326,-93.3369044,"Custom ""TO BE BUILT"" Home in the HEART of EDINA!! Open Slate = Bring Your Creative Ideas & Design to our Amazing Team and let us help you Build that DREAM HOME you have always wanted!! Many styles, selections, colors and options for you to choose from. Great Area & Neighborhood. Close to Shopping, Dining & Entertainment ",5,5,"4,400","[{'Status': 'Active'}, {'Time on Redfin': '94 days'}, {'Property Type': 'Residential, Single Family Residence'}, {'Year Built': '2022'}, {'Community': 'Edina'}, {'Lot Size': '6,534 Sq. Ft.'}, {'MLS#': '6142075'}, {'List Price': '$1,650,000'}, {'Est. Mo. Payment': '$8,152'}, {'Redfin Estimate': '$1,646,578'}, {'Price/Sq.Ft.': '$375'}]",https://ssl.cdn-redfin.com/photo/114/mbpaddedwide/075/genMid.6142075_1.jpg | https://ssl.cdn-redfin.com/photo/114/mbpaddedwide/075/genMid.6142075_1_1.jpg | https://ssl.cdn-redfin.com/photo/114/mbpaddedwide/075/genMid.6142075_2_1.jpg | https://ssl.cdn-redfin.com/photo/114/mbpaddedwide/075/genMid.6142075_3_1.jpg | https://ssl.cdn-redfin.com/photo/114/mbpaddedwide/075/genMid.6142075_4_1.jpg | https://ssl.cdn-redfin.com/photo/114/mbpaddedwide/075/genMid.6142075_5_1.jpg | https://ssl.cdn-redfin.com/photo/114/mbpaddedwide/075/genMid.6142075_6_1.jpg | https://ssl.cdn-redfin.com/photo/114/mbpaddedwide/075/genMid.6142075_7_1.jpg | https://ssl.cdn-redfin.com/photo/114/mbpaddedwide/075/genMid.6142075_8_1.jpg | https://ssl.cdn-redfin.com/photo/114/mbpaddedwide/075/genMid.6142075_9_1.jpg | https://ssl.cdn-redfin.com/photo/114/mbpaddedwide/075/genMid.6142075_10_1.jpg | https://ssl.cdn-redfin.com/photo/114/mbpaddedwide/075/genMid.6142075_11_1.jpg | https://ssl.cdn-redfin.com/photo/114/mbpaddedwide/075/genMid.6142075_12_1.jpg | https://ssl.cdn-redfin.com/photo/114/mbpaddedwide/075/genMid.6142075_13_1.jpg | https://ssl.cdn-redfin.com/photo/114/mbpaddedwide/075/genMid.6142075_14_1.jpg | https://ssl.cdn-redfin.com/photo/114/mbpaddedwide/075/genMid.6142075_15_1.jpg | https://ssl.cdn-redfin.com/photo/114/mbpaddedwide/075/genMid.6142075_16_1.jpg | https://ssl.cdn-redfin.com/photo/114/mbpaddedwide/075/genMid.6142075_17_1.jpg | https://ssl.cdn-redfin.com/photo/114/mbpaddedwide/075/genMid.6142075_18_1.jpg,Listed by Timothy Murphy  • RE/MAX Results,da55dfd6-8cf2-5629-bfc0-c164806c8f99,17/04/2022 21:21:44
https://www.redfin.com/VA/Pearisburg/4183-Eggleston-Rd-24134/home/162447665,4183 Eggleston Rd,895000,"$895,000",USD,4183 Eggleston Rd,Pearisburg,VA,24134,US,37.248044,-80.687223,"Whatever your dream, you can live it here! Hilltop home with breathtaking 360-degree views and 60 acres to explore and enjoy. Whether you are a car enthusiast, like to entertain, enjoy outdoor time with family, have a small business, have horses, or go like to hunt or fish -- this is the spot. Amazing opportunity for one-level living in this 4-bedroom renovated, well-maintained home with unfinished basement. The 4500 sqft climate controlled accessory building with French doors, garage door, half-bath has multiple possibilities. Enjoy the new stamped-concrete patio leading to the pool house with indoor pool, kitchen and bath. 2-stall run in barn. Stocked pond and creek. Pasture and wooded acreage. Additional features list under documents.  ",5,4,"3,990","[{'Status': 'Active'}, {'Time on Redfin': '4 days'}, {'Property Type': 'Single Family Residential'}, {'Baths': '3 full, 2 partial'}, {'Year Built': '1994'}, {'Style': 'Ranch'}, {'Community': 'Pearisburg'}, {'Lot Size': '60 Acres'}, {'MLS#': '888431'}, {'List Price': '$895,000'}, {'Est. Mo. Payment': '$4,386'}, {'Redfin Estimate': '$881,053'}, {'Price/Sq.Ft.': '$224'}]",https://ssl.cdn-redfin.com/photo/298/mbpaddedwide/431/genMid.888431_0.jpg | https://ssl.cdn-redfin.com/photo/298/mbpaddedwide/431/genMid.888431_1_0.jpg | https://ssl.cdn-redfin.com/photo/298/mbpaddedwide/431/genMid.888431_2_0.jpg | https://ssl.cdn-redfin.com/photo/298/mbpaddedwide/431/genMid.888431_3_0.jpg | https://ssl.cdn-redfin.com/photo/298/mbpaddedwide/431/genMid.888431_4_0.jpg | https://ssl.cdn-redfin.com/photo/298/mbpaddedwide/431/genMid.888431_5_0.jpg | https://ssl.cdn-redfin.com/photo/298/mbpaddedwide/431/genMid.888431_6_0.jpg | https://ssl.cdn-redfin.com/photo/298/mbpaddedwide/431/genMid.888431_7_0.jpg | https://ssl.cdn-redfin.com/photo/298/mbpaddedwide/431/genMid.888431_8_0.jpg | https://ssl.cdn-redfin.com/photo/298/mbpaddedwide/431/genMid.888431_9_0.jpg | https://ssl.cdn-redfin.com/photo/298/mbpaddedwide/431/genMid.888431_10_0.jpg | https://ssl.cdn-redfin.com/photo/298/mbpaddedwide/431/genMid.888431_11_0.jpg | https://ssl.cdn-redfin.com/photo/298/mbpaddedwide/431/genMid.888431_12_0.jpg | https://ssl.cdn-redfin.com/photo/298/mbpaddedwide/431/genMid.888431_13_0.jpg | https://ssl.cdn-redfin.com/photo/298/mbpaddedwide/431/genMid.888431_14_0.jpg | https://ssl.cdn-redfin.com/photo/298/mbpaddedwide/431/genMid.888431_15_0.jpg | https://ssl.cdn-redfin.com/photo/298/mbpaddedwide/431/genMid.888431_16_0.jpg | https://ssl.cdn-redfin.com/photo/298/mbpaddedwide/431/genMid.888431_17_0.jpg | https://ssl.cdn-redfin.com/photo/298/mbpaddedwide/431/genMid.888431_18_0.jpg | https://ssl.cdn-redfin.com/photo/298/mbpaddedwide/431/genMid.888431_19_0.jpg | https://ssl.cdn-redfin.com/photo/298/mbpaddedwide/431/genMid.888431_20_0.jpg | https://ssl.cdn-redfin.com/photo/298/mbpaddedwide/431/genMid.888431_21_0.jpg | https://ssl.cdn-redfin.com/photo/298/mbpaddedwide/431/genMid.888431_22_0.jpg | https://ssl.cdn-redfin.com/photo/298/mbpaddedwide/431/genMid.888431_23_0.jpg | https://ssl.cdn-redfin.com/photo/298/mbpaddedwide/431/genMid.888431_24_0.jpg | https://ssl.cdn-redfin.com/photo/298/mbpaddedwide/431/genMid.888431_25_0.jpg | https://ssl.cdn-redfin.com/photo/298/mbpaddedwide/431/genMid.888431_26_0.jpg | https://ssl.cdn-redfin.com/photo/298/mbpaddedwide/431/genMid.888431_27_0.jpg | https://ssl.cdn-redfin.com/photo/298/mbpaddedwide/431/genMid.888431_28_0.jpg | https://ssl.cdn-redfin.com/photo/298/mbpaddedwide/431/genMid.888431_29_0.jpg | https://ssl.cdn-redfin.com/photo/298/mbpaddedwide/431/genMid.888431_30_0.jpg | https://ssl.cdn-redfin.com/photo/298/mbpaddedwide/431/genMid.888431_31_0.jpg | https://ssl.cdn-redfin.com/photo/298/mbpaddedwide/431/genMid.888431_32_0.jpg | https://ssl.cdn-redfin.com/photo/298/mbpaddedwide/431/genMid.888431_33_0.jpg | https://ssl.cdn-redfin.com/photo/298/mbpaddedwide/431/genMid.888431_34_0.jpg | https://ssl.cdn-redfin.com/photo/298/mbpaddedwide/431/genMid.888431_35_0.jpg | https://ssl.cdn-redfin.com/photo/298/mbpaddedwide/431/genMid.888431_36_0.jpg | https://ssl.cdn-redfin.com/photo/298/mbpaddedwide/431/genMid.888431_37_0.jpg | https://ssl.cdn-redfin.com/photo/298/mbpaddedwide/431/genMid.888431_38_0.jpg | https://ssl.cdn-redfin.com/photo/298/mbpaddedwide/431/genMid.888431_39_0.jpg | https://ssl.cdn-redfin.com/photo/298/mbpaddedwide/431/genMid.888431_40_0.jpg | https://ssl.cdn-redfin.com/photo/298/mbpaddedwide/431/genMid.888431_41_0.jpg | https://ssl.cdn-redfin.com/photo/298/mbpaddedwide/431/genMid.888431_42_0.jpg | https://ssl.cdn-redfin.com/photo/298/mbpaddedwide/431/genMid.888431_43_0.jpg | https://ssl.cdn-redfin.com/photo/298/mbpaddedwide/431/genMid.888431_44_0.jpg | https://ssl.cdn-redfin.com/photo/298/mbpaddedwide/431/genMid.888431_45_0.jpg | https://ssl.cdn-redfin.com/photo/298/mbpaddedwide/431/genMid.888431_46_0.jpg | https://ssl.cdn-redfin.com/photo/298/mbpaddedwide/431/genMid.888431_47_0.jpg | https://ssl.cdn-redfin.com/photo/298/mbpaddedwide/431/genMid.888431_48_0.jpg | https://ssl.cdn-redfin.com/photo/298/mbpaddedwide/431/genMid.888431_49_0.jpg | https://ssl.cdn-redfin.com/photo/298/mbpaddedwide/431/genMid.888431_50_0.jpg | https://ssl.cdn-redfin.com/photo/298/mbpaddedwide/431/genMid.888431_51_0.jpg | https://ssl.cdn-redfin.com/photo/298/mbpaddedwide/431/genMid.888431_52_0.jpg | https://ssl.cdn-redfin.com/photo/298/mbpaddedwide/431/genMid.888431_53_0.jpg | https://ssl.cdn-redfin.com/photo/298/mbpaddedwide/431/genMid.888431_54_0.jpg | https://ssl.cdn-redfin.com/photo/298/mbpaddedwide/431/genMid.888431_55_0.jpg | https://ssl.cdn-redfin.com/photo/298/mbpaddedwide/431/genMid.888431_56_0.jpg | https://ssl.cdn-redfin.com/photo/298/mbpaddedwide/431/genMid.888431_57_0.jpg | https://ssl.cdn-redfin.com/photo/298/mbpaddedwide/431/genMid.888431_58_0.jpg | https://ssl.cdn-redfin.com/photo/298/mbpaddedwide/431/genMid.888431_59_0.jpg | https://ssl.cdn-redfin.com/photo/298/mbpaddedwide/431/genMid.888431_60_0.jpg | https://ssl.cdn-redfin.com/photo/298/mbpaddedwide/431/genMid.888431_61_0.jpg | https://ssl.cdn-redfin.com/photo/298/mbpaddedwide/431/genMid.888431_62_0.jpg | https://ssl.cdn-redfin.com/photo/298/mbpaddedwide/431/genMid.888431_63_0.jpg | https://ssl.cdn-redfin.com/photo/298/mbpaddedwide/431/genMid.888431_64_0.jpg | https://ssl.cdn-redfin.com/photo/298/mbpaddedwide/431/genMid.888431_65_0.jpg | https://ssl.cdn-redfin.com/photo/298/mbpaddedwide/431/genMid.888431_66_0.jpg | https://ssl.cdn-redfin.com/photo/298/mbpaddedwide/431/genMid.888431_67_0.jpg | https://ssl.cdn-redfin.com/photo/298/mbpaddedwide/431/genMid.888431_68_0.jpg | https://ssl.cdn-redfin.com/photo/298/mbpaddedwide/431/genMid.888431_69_0.jpg | https://ssl.cdn-redfin.com/photo/298/mbpaddedwide/431/genMid.888431_70_0.jpg | https://ssl.cdn-redfin.com/photo/298/mbpaddedwide/431/genMid.888431_71_0.jpg | https://ssl.cdn-redfin.com/photo/298/mbpaddedwide/431/genMid.888431_72_0.jpg | https://ssl.cdn-redfin.com/photo/298/mbpaddedwide/431/genMid.888431_73_0.jpg | https://ssl.cdn-redfin.com/photo/298/mbpaddedwide/431/genMid.888431_74_0.jpg | https://ssl.cdn-redfin.com/photo/298/mbpaddedwide/431/genMid.888431_75_0.jpg | https://ssl.cdn-redfin.com/photo/298/mbpaddedwide/431/genMid.888431_76_0.jpg | https://ssl.cdn-redfin.com/photo/298/mbpaddedwide/431/genMid.888431_77_0.jpg | https://ssl.cdn-redfin.com/photo/298/mbpaddedwide/431/genMid.888431_78_0.jpg | https://ssl.cdn-redfin.com/photo/298/mbpaddedwide/431/genMid.888431_79_0.jpg | https://ssl.cdn-redfin.com/photo/298/mbpaddedwide/431/genMid.888431_80_0.jpg | https://ssl.cdn-redfin.com/photo/298/mbpaddedwide/431/genMid.888431_81_0.jpg | https://ssl.cdn-redfin.com/photo/298/mbpaddedwide/431/genMid.888431_82_0.jpg | https://ssl.cdn-redfin.com/photo/298/mbpaddedwide/431/genMid.888431_83_0.jpg,"Listed by OLIVIA ANTON  • COLDWELL BANKER TOWNSIDE, REALTORS®",2a288971-9018-52cd-b8e2-f4a3a5dc1362,17/04/2022 21:21:44
https://www.redfin.com/TX/Conroe/11217-Triple-Crown-Way-77304/home/177888890,11217 Triple Crown Way,657700,"$657,700",USD,11217 Triple Crown Way,Conroe,TX,77304,US,30.2927676,-95.5464245,"Beautiful Country Home on over 1 Acre with Pond and 4 Spacious Bedrooms, 3 1/2 Bathrooms, Open Concept Living, Kitchen, Dining, all on 1st floor with Large Game room on 2nd. Stunning Chef's Kitchen with Granite or Quartz Counters, Stainless Steel Appliances, Double Ovens, 5 Burner Gas Range, 3rd Row Cabinets with Lighting, Dovetail Drawers with Soft Close Hardware  &  Large Open Island to Living and Dining. Spacious, Open  &  Airy Throughout with Large Covered Patio perfect for Indoor/Outdoor Living opening to your Private, Wooded, Backyard Oasis. Custom Features  &  Trim Work, Energy Efficient with Environments for Living Designation, 16 SEER HVAC, Tankless Water Heater. Serene Country Living Conveniently located close to I-45, Shopping, Restaurants with low tax rate. Homesite includes Pond for Fishing, Kayaking, Paddelboarding. Personalize Selections Now! ",3,4,"3,189","[{'Status': 'Pending'}, {'Time on Redfin': '45 days'}, {'Property Type': 'Single-Family'}, {'HOA Dues': '$42/month'}, {'Style': 'Ranch, Traditional'}, {'Community': 'Old Kentucky Farms'}, {'Lot Size': '1.24 Acres'}, {'MLS#': '30029951'}, {'Est. Mo. Payment': '$4,152'}, {'Redfin Estimate': '$651,875'}, {'Price/Sq.Ft.': '$206'}, {""Buyer's Agent Commission"": '3%'}]",https://ssl.cdn-redfin.com/photo/104/mbpaddedwide/951/genMid.30029951_1.jpg | https://ssl.cdn-redfin.com/photo/104/mbpaddedwide/951/genMid.30029951_1_1.jpg | https://ssl.cdn-redfin.com/photo/104/mbpaddedwide/951/genMid.30029951_2_1.jpg | https://ssl.cdn-redfin.com/photo/104/mbpaddedwide/951/genMid.30029951_3_1.jpg | https://ssl.cdn-redfin.com/photo/104/mbpaddedwide/951/genMid.30029951_4_1.jpg | https://ssl.cdn-redfin.com/photo/104/mbpaddedwide/951/genMid.30029951_5_1.jpg | https://ssl.cdn-redfin.com/photo/104/mbpaddedwide/951/genMid.30029951_6_1.jpg | https://ssl.cdn-redfin.com/photo/104/mbpaddedwide/951/genMid.30029951_7_1.jpg | https://ssl.cdn-redfin.com/photo/104/mbpaddedwide/951/genMid.30029951_8_1.jpg,Listed by Faline Windell •TREC #0463772 • Page Properties,a8a012e9-3609-5b96-8e6c-b725278efba7,17/04/2022 21:21:44
https://www.redfin.com/OR/Terrebonne/15780-SW-Perch-Rd-97760/home/77341752,15780 SW Perch Rd,815000,"$815,000",USD,15780 SW Perch Rd,Terrebonne,OR,97760,US,44.4104132,-121.2433178,"Rare find! Fantastic horse property located on usable 5.6 acres.  1844 sq ft 3 bed 2 bath house. New flooring, remodeled kitchen and bathrooms, new exterior paint, lovely landscaping and much more! 8 stall barn with runs and attached 36 x 36 guest house. Fenced and cross fenced. Multiple corrals. riding arena with good footing. Plenty of room to get large rigs/equipment in and turned around! All that with mountain views!  Schedule an appointment to take a look. ",2,3,"1,844","[{'Status': 'Active'}, {'Time on Redfin': '172 days'}, {'Property Type': 'A, Single Family Residence'}, {'HOA Dues': '$43/month'}, {'Year Built': '2001'}, {'Style': 'Ranch'}, {'Community': 'Crr1_C'}, {'Lot Size': '5.60 Acres'}, {'MLS#': '220134003'}, {'List Price': '$815,000'}, {'Est. Mo. Payment': '$3,917'}, {'Redfin Estimate': '$807,433'}, {'Price/Sq.Ft.': '$442'}]",https://ssl.cdn-redfin.com/photo/199/mbpaddedwide/003/genMid.220134003_2.jpg | https://ssl.cdn-redfin.com/photo/199/mbpaddedwide/003/genMid.220134003_1_2.jpg | https://ssl.cdn-redfin.com/photo/199/mbpaddedwide/003/genMid.220134003_2_2.jpg | https://ssl.cdn-redfin.com/photo/199/mbpaddedwide/003/genMid.220134003_3_2.jpg | https://ssl.cdn-redfin.com/photo/199/mbpaddedwide/003/genMid.220134003_4_2.jpg | https://ssl.cdn-redfin.com/photo/199/mbpaddedwide/003/genMid.220134003_5_2.jpg | https://ssl.cdn-redfin.com/photo/199/mbpaddedwide/003/genMid.220134003_6_2.jpg | https://ssl.cdn-redfin.com/photo/199/mbpaddedwide/003/genMid.220134003_7_2.jpg | https://ssl.cdn-redfin.com/photo/199/mbpaddedwide/003/genMid.220134003_8_2.jpg | https://ssl.cdn-redfin.com/photo/199/mbpaddedwide/003/genMid.220134003_9_2.jpg | https://ssl.cdn-redfin.com/photo/199/mbpaddedwide/003/genMid.220134003_10_2.jpg | https://ssl.cdn-redfin.com/photo/199/mbpaddedwide/003/genMid.220134003_11_2.jpg | https://ssl.cdn-redfin.com/photo/199/mbpaddedwide/003/genMid.220134003_12_2.jpg | https://ssl.cdn-redfin.com/photo/199/mbpaddedwide/003/genMid.220134003_13_2.jpg | https://ssl.cdn-redfin.com/photo/199/mbpaddedwide/003/genMid.220134003_14_2.jpg | https://ssl.cdn-redfin.com/photo/199/mbpaddedwide/003/genMid.220134003_15_2.jpg | https://ssl.cdn-redfin.com/photo/199/mbpaddedwide/003/genMid.220134003_16_2.jpg | https://ssl.cdn-redfin.com/photo/199/mbpaddedwide/003/genMid.220134003_17_2.jpg | https://ssl.cdn-redfin.com/photo/199/mbpaddedwide/003/genMid.220134003_18_2.jpg | https://ssl.cdn-redfin.com/photo/199/mbpaddedwide/003/genMid.220134003_19_2.jpg | https://ssl.cdn-redfin.com/photo/199/mbpaddedwide/003/genMid.220134003_20_2.jpg | https://ssl.cdn-redfin.com/photo/199/mbpaddedwide/003/genMid.220134003_21_2.jpg | https://ssl.cdn-redfin.com/photo/199/mbpaddedwide/003/genMid.220134003_22_2.jpg | https://ssl.cdn-redfin.com/photo/199/mbpaddedwide/003/genMid.220134003_23_2.jpg | https://ssl.cdn-redfin.com/photo/199/mbpaddedwide/003/genMid.220134003_24_2.jpg | https://ssl.cdn-redfin.com/photo/199/mbpaddedwide/003/genMid.220134003_25_2.jpg | https://ssl.cdn-redfin.com/photo/199/mbpaddedwide/003/genMid.220134003_26_2.jpg | https://ssl.cdn-redfin.com/photo/199/mbpaddedwide/003/genMid.220134003_27_2.jpg | https://ssl.cdn-redfin.com/photo/199/mbpaddedwide/003/genMid.220134003_28_2.jpg | https://ssl.cdn-redfin.com/photo/199/mbpaddedwide/003/genMid.220134003_29_2.jpg | https://ssl.cdn-redfin.com/photo/199/mbpaddedwide/003/genMid.220134003_30_2.jpg | https://ssl.cdn-redfin.com/photo/199/mbpaddedwide/003/genMid.220134003_31_2.jpg | https://ssl.cdn-redfin.com/photo/199/mbpaddedwide/003/genMid.220134003_32_2.jpg | https://ssl.cdn-redfin.com/photo/199/mbpaddedwide/003/genMid.220134003_33_2.jpg | https://ssl.cdn-redfin.com/photo/199/mbpaddedwide/003/genMid.220134003_34_2.jpg | https://ssl.cdn-redfin.com/photo/199/mbpaddedwide/003/genMid.220134003_35_2.jpg | https://ssl.cdn-redfin.com/photo/199/mbpaddedwide/003/genMid.220134003_36_2.jpg | https://ssl.cdn-redfin.com/photo/199/mbpaddedwide/003/genMid.220134003_37_2.jpg | https://ssl.cdn-redfin.com/photo/199/mbpaddedwide/003/genMid.220134003_38_2.jpg | https://ssl.cdn-redfin.com/photo/199/mbpaddedwide/003/genMid.220134003_39_2.jpg | https://ssl.cdn-redfin.com/photo/199/mbpaddedwide/003/genMid.220134003_40_2.jpg | https://ssl.cdn-redfin.com/photo/199/mbpaddedwide/003/genMid.220134003_41_2.jpg | https://ssl.cdn-redfin.com/photo/199/mbpaddedwide/003/genMid.220134003_42_2.jpg | https://ssl.cdn-redfin.com/photo/199/mbpaddedwide/003/genMid.220134003_43_2.jpg | https://ssl.cdn-redfin.com/photo/199/mbpaddedwide/003/genMid.220134003_44_2.jpg | https://ssl.cdn-redfin.com/photo/199/mbpaddedwide/003/genMid.220134003_45_2.jpg | https://ssl.cdn-redfin.com/photo/199/mbpaddedwide/003/genMid.220134003_46_2.jpg | https://ssl.cdn-redfin.com/photo/199/mbpaddedwide/003/genMid.220134003_47_2.jpg | https://ssl.cdn-redfin.com/photo/199/mbpaddedwide/003/genMid.220134003_48_2.jpg | https://ssl.cdn-redfin.com/photo/199/mbpaddedwide/003/genMid.220134003_49_2.jpg | https://ssl.cdn-redfin.com/photo/199/mbpaddedwide/003/genMid.220134003_50_2.jpg | https://ssl.cdn-redfin.com/photo/199/mbpaddedwide/003/genMid.220134003_51_2.jpg,Listed by Lea Ann Muriset  • Rogue Real Estate Sales & Prop,2435664b-0bfa-59d6-aa02-3db7fdd62a5f,17/04/2022 21:21:45
https://www.redfin.com/AR/Little-Rock/38-Copper-Cir-72223/home/177532664,38 Copper Cir,495000,,USD,38 Copper Cir,Little Rock,AR,72223,US,34.7501708,-92.4598816,"Public Remarks: Brand new home by Graham Smith Construction located around the great amenities of West Little Rock! HOME HAS THREE BEDROOMS AND AN OFFICE/BONUS SPACE! This single level home is designer-selected, and in early construction stages. This open floor plan provides plenty of space to entertain! The separate Master bedroom connects to its private bathroom, XL closet, and laundry room. Estimated completion: Late Summer 2022 (July/August +/-). Open to Select: Buyers can choose preferred stain color and landscaping.  Type: Detached ",-,,-,"[{'Property Type': 'Vacant Land'}, {'Lot Size': '6,970 Sq. Ft.'}, {'Est. Mo. Payment': '$2,961'}, {'Redfin Estimate': '$494,039'}]",,,81f29fdc-e4a6-5a83-9646-c2212bc6a6b0,17/04/2022 21:21:45
https://www.redfin.com/WI/Appleton/510-N-Bennett-St-54914/home/89612353,510 N Bennett St,184900,"$184,900",USD,510 N Bennett St,Appleton,WI,54914,US,44.2661387,-88.4188606,"Public Remarks: Beautifully Updated Two Story Charmer Close To Downtown! Relax On The Front Porch Or Walk To Your Favorite Shops  &  Restaurants. Upon Entry, This Home Boasts High Ceilings  &  Gorgeous Woodwork. The Kitchen Features An Island, Granite Countertops, &  Stone Backsplash. The Upstairs Has Two Large Bedrooms Including The Primary Room With A Walk-In Closet. Per The Seller, The Furnace, Water Heater, &  Windows Are Newer! Any Offers To Be Submitted By Thursday March 10th At 11:00am. Sellers Preferred Closing Date Is May 6th, 2022. ",1.5,2,"1,314","[{'Status': 'Active'}, {'Time on Redfin': '42 days'}, {'Property Type': 'Single-Family'}, {'Year Built': '1914'}, {'Community': 'Appleton'}, {'Lot Size': '3,484 Sq. Ft.'}, {'MLS#': '50254686'}, {'List Price': '$184,900'}, {'Est. Mo. Payment': '$1,003'}, {'Redfin Estimate': '$185,014'}, {'Price/Sq.Ft.': '$141'}]",https://ssl.cdn-redfin.com/photo/130/mbpaddedwide/686/genMid.50254686_C.jpg | https://ssl.cdn-redfin.com/photo/130/mbpaddedwide/686/genMid.50254686_1_C.jpg | https://ssl.cdn-redfin.com/photo/130/mbpaddedwide/686/genMid.50254686_2_C.jpg | https://ssl.cdn-redfin.com/photo/130/mbpaddedwide/686/genMid.50254686_3_C.jpg | https://ssl.cdn-redfin.com/photo/130/mbpaddedwide/686/genMid.50254686_4_C.jpg | https://ssl.cdn-redfin.com/photo/130/mbpaddedwide/686/genMid.50254686_5_C.jpg | https://ssl.cdn-redfin.com/photo/130/mbpaddedwide/686/genMid.50254686_6_C.jpg | https://ssl.cdn-redfin.com/photo/130/mbpaddedwide/686/genMid.50254686_7_C.jpg | https://ssl.cdn-redfin.com/photo/130/mbpaddedwide/686/genMid.50254686_8_C.jpg | https://ssl.cdn-redfin.com/photo/130/mbpaddedwide/686/genMid.50254686_9_C.jpg | https://ssl.cdn-redfin.com/photo/130/mbpaddedwide/686/genMid.50254686_10_C.jpg | https://ssl.cdn-redfin.com/photo/130/mbpaddedwide/686/genMid.50254686_11_C.jpg | https://ssl.cdn-redfin.com/photo/130/mbpaddedwide/686/genMid.50254686_12_C.jpg | https://ssl.cdn-redfin.com/photo/130/mbpaddedwide/686/genMid.50254686_13_C.jpg | https://ssl.cdn-redfin.com/photo/130/mbpaddedwide/686/genMid.50254686_14_C.jpg | https://ssl.cdn-redfin.com/photo/130/mbpaddedwide/686/genMid.50254686_15_C.jpg | https://ssl.cdn-redfin.com/photo/130/mbpaddedwide/686/genMid.50254686_16_C.jpg | https://ssl.cdn-redfin.com/photo/130/mbpaddedwide/686/genMid.50254686_17_C.jpg | https://ssl.cdn-redfin.com/photo/130/mbpaddedwide/686/genMid.50254686_18_C.jpg | https://ssl.cdn-redfin.com/photo/130/mbpaddedwide/686/genMid.50254686_19_C.jpg | https://ssl.cdn-redfin.com/photo/130/mbpaddedwide/686/genMid.50254686_20_C.jpg | https://ssl.cdn-redfin.com/photo/130/mbpaddedwide/686/genMid.50254686_21_C.jpg | https://ssl.cdn-redfin.com/photo/130/mbpaddedwide/686/genMid.50254686_22_C.jpg | https://ssl.cdn-redfin.com/photo/130/mbpaddedwide/686/genMid.50254686_23_C.jpg | https://ssl.cdn-redfin.com/photo/130/mbpaddedwide/686/genMid.50254686_24_C.jpg | https://ssl.cdn-redfin.com/photo/130/mbpaddedwide/686/genMid.50254686_25_C.jpg | https://ssl.cdn-redfin.com/photo/130/mbpaddedwide/686/genMid.50254686_26_C.jpg | https://ssl.cdn-redfin.com/photo/130/mbpaddedwide/686/genMid.50254686_27_C.jpg | https://ssl.cdn-redfin.com/photo/130/mbpaddedwide/686/genMid.50254686_28_C.jpg | https://ssl.cdn-redfin.com/photo/130/mbpaddedwide/686/genMid.50254686_29_C.jpg | https://ssl.cdn-redfin.com/photo/130/mbpaddedwide/686/genMid.50254686_30_C.jpg | https://ssl.cdn-redfin.com/photo/130/mbpaddedwide/686/genMid.50254686_31_C.jpg | https://ssl.cdn-redfin.com/photo/130/mbpaddedwide/686/genMid.50254686_32_C.jpg | https://ssl.cdn-redfin.com/photo/130/mbpaddedwide/686/genMid.50254686_33_C.jpg | https://ssl.cdn-redfin.com/photo/130/mbpaddedwide/686/genMid.50254686_34_C.jpg | https://ssl.cdn-redfin.com/photo/130/mbpaddedwide/686/genMid.50254686_35_C.jpg,Listed by Kelly Davies  • Landro Fox Cities Realty LLC,ecdc9293-9af4-5026-899e-9a33f6fdde01,17/04/2022 21:21:47
